CNPJ;Nome_Associacao;Telefone;Estado;Municipio
32.812.849/0001-56;ABN - ASSOCIACAO DE BENEFICIOS DO NORDESTE;82998019264;AL;MACEIO
54.922.857/0001-98;APL CLUBE DE BENEFICIOS;82999762037;AL;ARAPIRACA
34.451.466/0001-25;ASSOCIACAO AGUIA PROTECAO VEICULAR;82981847571;AL;DELMIRO GOUVEIA
60.191.601/0001-50;ASSOCIACAO CENTER AUTO CLUBE DE BENEFICIOS;82991945454;AL;MACEIO
23.671.284/0001-43;ASSOCIACAO DE PROTECAO MUTUALISTA E PATRIMONIAL FENIX BRASIL;82999137171;AL;MACEIO
61.076.580/0001-95;ASSOCIACAO DE PROTECAO PATRIMONIAL DE PROPRIETARIOS DE VEICULOS DE ALAGOAS;82981292227;AL;ARAPIRACA
56.097.988/0001-03;ASSOCIACAO DE PROTECAO VEICULAR DO AGRESTE DE ALAGOAS - APAA;82999852398;AL;ARAPIRACA
38.078.339/0001-83;ASSOCIACAO DE PROTECAO VEICULAR NOVO HORIZONTE;82982118500;AL;MACEIO
53.166.762/0001-29;ASSOCIACAO PROTAXI - PROTECAO VEICULAR;82981416672;AL;CHA PRETA
58.471.887/0001-86;ASSOCIACAO QUITUNDENSE DE PROTECAO VEICULAR - AQPV;82991482608;AL;SAO LUIS DO QUITUNDE
30.352.633/0001-20;ASSOCIACAO RESGATE PREVENCOES;82996099405;AL;ARAPIRACA
47.201.387/0001-08;BM PROTECAO PATRIMONIAL MUTUALISTA;82999380405;AL;ARAPIRACA
41.358.832/0001-61;BR PROTECAO PATRIMONIAL MUTUALISTA;82999991799;AL;OLHO D'AGUA DAS FLORES
41.704.406/0001-32;CLUB TOTAL PROTECAO VEICULAR;82981578057;AL;ARAPIRACA
43.845.446/0001-20;DPS CLUBE DE BENEFICIOS;82991064935;AL;SAO MIGUEL DOS CAMPOS
46.601.638/0001-89;HCL PROTECAO VEICULAR;82996648840;AL;PENEDO
51.959.329/0001-15;L2 PROTECAO AUTOMOTIVA;82988112869;AL;MACEIO
18.178.688/0001-60;LIDERPREV - ASSOCIACAO DE PROTECAO PATRIMONIAL DOS PROPRIETARIOS DE VEICULOS DO NORDESTE;82981837950;AL;MACEIO
51.892.866/0001-95;LN PROTECAO VEICULAR;82993251805;AL;RIO LARGO
44.564.787/0001-90;MC ASSOCIACAO DE BENEFICIOS MUTUOS;82991143137;AL;MACEIO
50.979.005/0001-86;MVS BENEFICIOS E SOCORRO MUTUO;82991140351;AL;MACEIO
54.561.417/0001-52;MYPRO - ASSOCIACAO DE BENEFICIOS;82991194907;AL;MACEIO
52.487.538/0001-76;NORDESTE ASSOCIACAO DE BENEFICIOS MUTUOS;82999454628;AL;ARAPIRACA
31.728.386/0001-86;PONTUAL ASSOCIACAO DE PROTECAO PATRIMONIAL;82999167349;AL;ARAPIRACA
31.111.874/0001-40;PP ASSOCIACAO DE BENEFICIOS;8235221020;AL;ARAPIRACA
38.016.370/0001-90;PRODRIVE PROTECAO PATRIMONIAL MUTUALISTA;82998357590;AL;MACEIO
29.688.257/0001-60;UNIAO ASSOCIACAO DE BENEFICIOS;82996207292;AL;ARAPIRACA
50.693.135/0001-58;UNIAO CLUBE DE BENEFICIOS;8237552685;AL;MACEIO
52.485.082/0001-05;LINKAR PROTECAO VEICULAR;71999944809;AM;MANAUS
32.106.468/0001-51;AAPVC - ASSOCIACAO DE ASSISTENCIA E PROTECAO VEICULAR DE CONQUISTA;7730250101;BA;VITORIA DA CONQUISTA
21.941.809/0001-98;ABA CLUBE DE BENEFICIOS;7332615119;BA;EUNAPOLIS
42.659.091/0001-11;APMC - ASSOCIACAO DE PROTECAO DE AUXILIO MUTUO DOS TAXISTAS E MOTOTAXISTAS DO ESTADO DA BAHIA;7534226582;BA;ALAGOINHAS
17.893.292/0001-31;APROTARECON PROTEGE BENEFICIOS E PROTECAO PATRIMONIAL MUTUALISTA;7133937648;BA;ITAPARICA
19.402.829/0001-49;ASBAV- ASSOCIACAO BAHIANA VEICULAR DE PROTECAO PATRIMONIAL MUTUALISTA.;7133888143;BA;SALVADOR
10.778.368/0001-39;ASBAVE - ASSOCIACAO BAIANA DE ASSISTENCIA A VEICULOS;7133412591;BA;SALVADOR
15.865.540/0001-05;ASSOCIACAO ALLIANCAR CLUBE DE BENEFICIOS E ASSISTENCIA MUTUA;7130396100;BA;SALVADOR
20.915.587/0001-76;ASSOCIACAO AUTO CLUBE ZEUS;7734234891;BA;ANAGE
46.540.155/0001-11;ASSOCIACAO BRASILEIRA DE VANTAGENS E BENEFICIOS MUTUOS;77999655171;BA;LUIS EDUARDO MAGALHAES
45.384.268/0001-02;ASSOCIACAO CAMACARIENSE MARCLA DE PROTECAO PATRIMONIAL MUTUALISTA;71993960325;BA;CAMACARI
24.615.102/0001-80;ASSOCIACAO CLUBE DE BENEFICIOS E ASSISTENCIA - TOTTAL CAR;77988819356;BA;VITORIA DA CONQUISTA
19.420.830/0001-04;ASSOCIACAO CLUBE MASTER DE BENEFICIOS;7130241953;BA;LAURO DE FREITAS
39.902.635/0001-10;ASSOCIACAO CMP SELECT;7135992491;BA;SALVADOR
38.203.222/0001-84;ASSOCIACAO DE APOIO AOS PROPRIETARIOS DE VEICULOS DO BRASIL- APOVEL BRASIL;7332923434;BA;TEIXEIRA DE FREITAS
33.183.990/0001-08;ASSOCIACAO DE BENEFICIOS AUTOMOTIVOS;7730288777;BA;VITORIA DA CONQUISTA
23.561.562/0001-00;ASSOCIACAO DE PROTECAO AOS PROPIETARIOS DE VEICULOS DO RECONCAVO - APROVER;7536317045;BA;SANTO ANTONIO DE JESUS
10.809.269/0001-77;ASSOCIACAO DE PROTECAO AS MOTOCICLETAS E AUTOMOVEIS DO ESTADO DA BAHIA;7534225241;BA;ALAGOINHAS
31.316.545/0001-35;ASSOCIACAO DE PROTECAO MUTUA PARA VEICULOS - PROTECT;7536246964;BA;FEIRA DE SANTANA
33.925.290/0001-33;ASSOCIACAO DE PROTECAO MUTUALISTA DE VEICULOS - GRUPO ASSIST AUTO;7136551410;BA;SAO SEBASTIAO DO PASSE
12.751.516/0001-57;ASSOCIACAO DE PROTECAO PATRIMONIAL MUTUALISTA E SOCORRO AS MOTOCICLETAS;75999790318;BA;ALAGOINHAS
13.876.866/0001-02;ASSOCIACAO DE PROTECAO PATRIMONIAL MUTUALISTA PROTEGE BAHIA;7534222776;BA;ALAGOINHAS
53.652.128/0001-04;ASSOCIACAO DE PROTECAO VEICULAR GOLDEN PROTECT;7530160526;BA;SANTO ANTONIO DE JESUS
35.295.279/0001-62;ASSOCIACAO DE PROTECAO VEICULAR MARTOLI;7141022563;BA;SALVADOR
41.799.712/0001-08;ASSOCIACAO DEFENDER PROTECAO VEICULAR;7533531828;BA;SANTO ANTONIO DE JESUS
19.230.159/0001-20;ASSOCIACAO DOS PROPRIETARIOS DE MOTOCICLETAS DA BAHIA;7734252477;BA;ANAGE
24.678.014/0001-27;ASSOCIACAO DOS PROPRIETARIOS DE MOTOS DO RECONCAVO - APROMOTOS;71999665330;BA;SANTO ANTONIO DE JESUS
32.534.470/0001-21;ASSOCIACAO EDCLUBE.MAIS DE PROTECAO PATRIMONIAL MUTUALISTA;7134329999;BA;SALVADOR
41.943.989/0001-54;ASSOCIACAO IMPACTO CLUBE DE BENEFICIOS;7135997005;BA;SALVADOR
45.413.161/0001-45;ASSOCIACAO JEQUIEENSE PREVMAIS DE BENEFICIOS E SOCORRO MUTUO;71991678900;BA;JEQUIE
36.614.746/0001-32;ASSOCIACAO JEREMOABENSE JUNIOR CLUBE DE PROTECAO PATRIMONIAL MUTUALISTA;75999777820;BA;JEREMOABO
52.750.245/0001-30;ASSOCIACAO MARACAENSE AUTO PROTEGO DE PROTECAO PATRIMONIAL MUTUALISTA BENEFICIOS E SOCORRO MUTUO;73991553864;BA;MARACAS
18.275.126/0001-34;ASSOCIACAO PARA PROMOCAO DE BENEFICIOS AOS PROPRIETARIOS E USUARIOS DE VEICULOS;7531830879;BA;ALAGOINHAS
56.158.266/0001-11;ASSOCIACAO PROTEGE MAIS BAHIA PROTECAO VEICULAR;99999999999;BA;CRUZ DAS ALMAS
26.607.483/0001-80;ASSOCIACAO RENASCER DE PROTECAO PATRIMONIAL MUTUALISTA;71987216569;BA;SALVADOR
48.153.788/0001-00;ASVIPLUS CLUBE DE BENEFICIOS;7730255052;BA;VITORIA DA CONQUISTA
55.703.491/0001-29;AUTOMUTUO - ASSOCIACAO CLUBE DE BENEFICIOS PROTECAO VEICULAR;75997154249;BA;RIBEIRA DO POMBAL
41.108.468/0001-81;BEMCAR PROTECAO VEICULAR CLUBE DE BENEFICIOS;77988223423;BA;VITORIA DA CONQUISTA
42.975.025/0001-50;CBVN - CLUBE DE BENEFICIOS VEICULARES DO NORDESTE;75998760158;BA;RIBEIRA DO POMBAL
05.221.589/0001-71;CEAT CENTRO ESPECIAL DE APOIO AO TAXISTA;7121325632;BA;SALVADOR
30.117.430/0001-59;CLUBE DE BENEFICIOS AUTO BAHIA;7335274637;BA;JEQUIE
34.940.370/0001-20;CLUBE DE BENEFICIOS INVICTUS;71992509096;BA;SALVADOR
61.746.021/0001-45;CPV MUTUAL E BENEFICIOS;77998096300;BA;VITORIA DA CONQUISTA
19.722.119/0001-04;ESCUDO CLUBE DE BENEFICIOS;7131211334;BA;CAMACARI
54.636.229/0001-46;GOLD PREMIUM CLUBE DE BENEFICIOS;7121329821;BA;SALVADOR
34.588.742/0001-00;GRUPO DE BENEFICIOS, SERVICOS E VANTAGENS DOS PROPRIETARIOS DE VEICULOS DO BRASIL;7436511288;BA;CAPIM GROSSO
38.265.171/0001-15;GUARDCAR CLUBE DE BENEFICIOS;77992081707;BA;VITORIA DA CONQUISTA
13.316.737/0001-60;INOVE - ASSOCIACAO BRASILEIRA DE BENEFICIOS AOS TRANSPORTADORES DA BAHIA;7734274468;BA;VITORIA DA CONQUISTA
57.307.455/0001-71;MAIS BRASIL PROTECAO VEICULAR SOCORRO MUTUO E BENEFICIOS;77992069815;BA;VITORIA DA CONQUISTA
58.014.229/0001-65;NUCLEO PROTECAO VEICULAR;73999965892;BA;URUCUCA
20.522.134/0001-80;PREVBAHIA ASSOCIACAO BAIANA DE BENEFICIOS PARA DONOS DE VEICULOS AUTOMOTORES;7131796375;BA;SALVADOR
42.136.390/0001-71;PREVICORP - ASSOCIACAO DE ASSISTENCIA AO SERVIDOR PUBLICO;7131860110;BA;SALVADOR
48.177.520/0001-09;PRIME ASSOCIACAO CONQUISTENSE DE BENEFICIOS;77988152340;BA;VITORIA DA CONQUISTA
25.047.016/0001-80;PRIME-ASSOCIACAO DE APOIO AOS PROPRIETARIOS DE VEICULOS DO SUL DA BAHIA;7332811389;BA;EUNAPOLIS
58.294.898/0001-38;PROTECAO PATRIMONIAL MUTUALISTA ASSOCIACAO SERVCAR BRASIL;7531420880;BA;FEIRA DE SANTANA
34.931.164/0001-54;PROTEGE MAIS AUTO CLUBEE BENEFICIOS;7734221869;BA;VITORIA DA CONQUISTA
48.956.457/0001-09;PV AUTO - PROTECAO VEICULAR;7736281022;BA;LUIS EDUARDO MAGALHAES
35.834.547/0001-77;REDENTO ENTIDADE DE AUTOGESTAO;7736111794;BA;BARREIRAS
27.397.992/0001-99;SENNA PROTECAO PARA AMIGOS;7332127130;BA;ITABUNA
46.321.799/0001-19;SERRA CLUBE DE BENEFICIOS;71991666588;BA;FEIRA DE SANTANA
14.725.537/0001-23;SUPRA-ASSOCIACAO BRASILEIRA DE BENEFICIOS MUTUOS;77991179529;BA;VITORIA DA CONQUISTA
53.354.953/0001-14;TECH PROTEGE AUTO ASSOCIACAO DE PROTECAO VEICULAR;7736111055;BA;BARREIRAS
51.479.553/0001-00;UNIAOCAR AUTOGESTAO;77981151918;BA;CANDIDO SALES
36.117.103/0001-83;ACB PROTECAO PATRIMONIAL;8137714938;CE;MARACANAU
24.216.636/0001-33;ASSOCIACAO AGILIZA CLUBE DE BENEFICIOS - AACB;85998903479;CE;FORTALEZA
17.947.684/0001-36;ASSOCIACAO DE PROTECAO VEICULAR UNIMAIS;88999990054;CE;IGUATU
61.742.262/0001-16;ASSOCIACAO DE SOCORRO MUTUO SUPER BRASIL MARACANAU;85998691485;CE;MARACANAU
55.898.499/0001-98;ASSOCIACAO DE SOCORRO MUTUO TOP BRASIL NE;85988862000;CE;FORTALEZA
61.363.668/0001-98;ASSOCIACAO DE SOCORRO S GROUP AUTO;85989601698;CE;CAUCAIA
48.827.509/0001-39;ASSOCIACAO SOMOS BRASIL CLUBE DE BENEFICIOS;8532713628;CE;EUSEBIO
60.329.755/0001-66;ASTEC PROTECAO VEICULAR;85991690805;CE;BATURITE
61.669.939/0001-38;BLINDAR SEGURANCA MUTUA;85985044898;CE;FORTALEZA
41.512.996/0001-00;DEFEND PROTECAO VEICULAR;85991030878;CE;HORIZONTE
61.756.494/0001-23;DM AUTO PROTECAO;85989526048;CE;FORTALEZA
40.182.229/0001-09;ELEVEN CLUBE DE BENEFICIOS;88993300835;CE;SOBRAL
61.651.551/0001-00;GLOBAL SOLUTIONS PROTECAO VEICULAR;85997121972;CE;FORTALEZA
61.708.320/0001-95;JOTA GARANTE;85998384321;CE;FORTALEZA
52.621.417/0001-75;LEAD CLUBE DE BENEFICIOS;8540426986;CE;FORTALEZA
61.708.352/0001-90;LS PROTECAO MUTUA;85987584649;CE;FORTALEZA
61.722.988/0001-97;MAXX PROTECAO;85987655363;CE;FORTALEZA
56.931.051/0001-91;NEOBRASIL PROTECAO VEICULAR;85985997036;CE;FORTALEZA
55.016.274/0001-60;ONIX ASSOCIACAO DE SOCORRO MUTUO;85981665828;CE;MARACANAU
49.836.377/0001-74;PROTEBENS BENEFICIOS E SOCORRO MUTUO;8532181882;CE;FORTALEZA
61.602.729/0001-22;RWK PROTECAO VEICULAR;85988158929;CE;FORTALEZA
61.669.418/0001-80;SEGUI CLUBE GRUPO DE BENEFICIOS;85988245172;CE;FORTALEZA
61.688.815/0001-08;TEC PRO PROTECAO VEICULAR;88996887147;CE;FORTALEZA
42.879.760/0001-60;VIAFORTE CLUBE DE BENEFICIOS;3132412344;CE;FORTALEZA
61.560.928/0001-15;ZERO85 PROTECAO VEICULAR;85996082809;CE;FORTALEZA
25.013.709/0001-52;ASSOCIACAO BRASILIENSE DE BENEFICIOS AOS PROP. DE VEIC. AUTOMOTORES;6134347200;DF;BRASILIA
55.778.033/0001-59;ASSOCIACAO DE PROTECAO PATRIMONIAL MUTUALISTA PROTEC;61984296957;DF;BRASILIA
39.357.869/0001-23;ASSOCIACAO LOCALIZE CLUBE DE BENEFICIOS E DEFESA DE DIREITOS;6135443944;DF;BRASILIA
33.397.038/0001-07;CONEXAO CLUBE DE BENEFICIOS;61998343255;DF;BRASILIA
33.715.240/0001-21;LOCALEZ PROTECAO VEICULAR;61986221116;DF;BRASILIA
58.413.941/0001-37;ROGERS AUTO ASSOCIACAO DE SOCORRO MUTUO;61999438118;DF;BRASILIA
32.506.731/0001-08;ASSOCIACAO CAPIXABA DE PROTECAO PATRIMONIAL MUTUALISTA;27998053668;ES;VITORIA
07.347.356/0001-45;ASSOCIACAO CAPIXABA DOS TRANSPORTADORES DE CARGAS - ASCATRAN;2732844450;ES;CARIACICA
31.858.281/0001-41;ASSOCIACAO CONFIANCA DE PROTECAO AOS AUTOMOVEIS DO BRASIL - CONFIAUTO;2735001994;ES;CARIACICA
18.361.851/0001-25;ASSOCIACAO DE PROTECAO AO CAMINHONEIRO-ASSPROCAM;2737270350;ES;SAO GABRIEL DA PALHA
53.554.797/0001-35;ASSOCIACAO DE PROTECAO, BENEFICIO E ASSISTENCIA DO BRASIL - APBAB;27992481371;ES;VILA VELHA
08.715.345/0001-33;ASSOCIACAO DOS PROPRIETARIOS DOS VEICULOS PESADOS - AVEP;2732552717;ES;CARIACICA
40.951.290/0001-73;ASSOCIACAO JAGUAR PROTECAO VEICULAR;27997115081;ES;CARIACICA
20.423.263/0001-10;ATC - ASSOCIACAO DOS TRANSPORTADORES DE CARGAS;27981823501;ES;BAIXO GUANDU
36.830.994/0001-10;BRCAR ASSOCIACAO DE PROTECAO VEICULAR;2730705835;ES;SERRA
29.278.313/0001-98;CARPLUS PREMIUM CLUBE DE BENEFICIOS;27998447565;ES;CARIACICA
16.898.059/0001-89;CLUBE ACERTA;62999356544;ES;VILA VELHA
51.016.444/0001-56;MB PROTECAO VEICULAR;27999550041;ES;VILA VELHA
61.735.156/0001-05;UNION ASSOCIACAO DE PROTECAO PATRIMONIAL MUTUALISTA;21999671227;ES;SERRA
58.529.958/0001-54;YES PROTECAO PATRIMONIAL MUTUALISTA;31983630220;ES;VILA VELHA
51.906.435/0001-30;9EIXOS BRASIL - ASSOCIACAO DE SOCORRO MUTUO;62985171000;GO;GOIANIA
24.536.487/0001-90;AAGO - ASSOCIACAO DOS AMIGOS DE GOIAS;6430506621;GO;RIO VERDE
29.214.858/0001-30;APROTEV - ASSOCIACAO DE PROTECAO VEICULAR E BENEFICIOS;62983116060;GO;APARECIDA DE GOIANIA
46.315.379/0001-20;ASSOCIACAO APREVENT PROTECAO VEICULAR;62995713535;GO;GOIANIA
30.491.469/0001-31;ASSOCIACAO DE APOIO, SOCORRO MUTUO E INCLUSAO SOCIAL - MMB GOYAZ;6232874569;GO;GOIANIA
51.018.626/0001-66;ASSOCIACAO DE AUTOGESTAO E BENEFICIOS MUTUOS DOS MOTORISTAS DE GOIAS;61996532612;GO;AGUAS LINDAS DE GOIAS
20.928.609/0001-32;ASSOCIACAO DE BENEFICIOS E ASSISTENCIA AOS AUTONOMOS E PROFISSIONAIS LIBERAIS - TRINITI;6235796668;GO;GOIANIA
18.504.895/0001-67;ASSOCIACAO DE BENEFICIOS E SOCORRO MUTUO PARA PROPRIETARIOS DE VEICULOS PESADOS - MAX TRUCK;6232911119;GO;GOIANIA
29.645.031/0001-81;ASSOCIACAO DE PROTECAO E BENEFICIO AO PROPRIETARIO DE VEICULOS;62981597133;GO;APARECIDA DE GOIANIA
23.414.716/0001-30;ASSOCIACAO DE PROTECAO PATRIMONIAL E AMPARO AOS TRABALHADORES TERCEIRIZADOS E AUTONOMOS DE GOIAS - SOLIDY;6239565800;GO;APARECIDA DE GOIANIA
52.437.874/0001-04;ASSOCIACAO DE PROTECAO PATRIMONIAL ELEVAMAIS;62991218007;GO;GOIANIA
54.801.882/0001-13;ASSOCIACAO DE PROTECAO VEICULAR BLINTEC;62981565222;GO;GOIANIA
49.998.267/0001-09;ASSOCIACAO DE PROTECAO VEICULAR E SOCORRO MUTUO E BENEFICIOS 7 MARES;6236372772;GO;GOIANIA
33.388.597/0001-42;ASSOCIACAO DE PROTECAO VEICULAR E SOCORRO MUTUO E BENEFICIOS GRUPO GUERREIRO;6236375504;GO;GOIANIA
19.320.123/0001-38;ASSOCIACAO GOIANA DE PROTECAO PATRIMONIAL AOS PROPRIETARIOS DE VEICULOS AUTOMOTORES E ELETRICOS - MAXCAR;6236223864;GO;GOIANIA
36.071.797/0001-65;ASSOCIACAO ROTA GOIAS DE APOIO A TRANSPORTADORES DE CARGA;64984158881;GO;BOM JESUS DE GOIAS
55.858.809/0001-40;ASSOCIE BEM;6232817587;GO;GOIANIA
34.430.893/0001-27;AUTO VIP BENEFICIOS ASSOCIACAO DOS PROPRIETARIOS DE VEICULOS MOTORIZADOS DO BRASIL;6233534000;GO;SAO FRANCISCO DE GOIAS
09.345.591/0001-03;AUTOBRAS PROTECAO PATRIMONIAL MUTUALISTA;63984551571;GO;GOIANIA
51.855.731/0001-50;AUTON PROTECAO VEICULAR E BENEFICIOS;62982016337;GO;GOIANIA
19.529.677/0001-40;AUTOVIP-ASSOCIACAO DOS PROPRIETARIOS DE VEICULOS PESADOS DO BRASIL;6233534880;GO;GOIANESIA
48.494.617/0001-37;CLUBE MUNDIAL;1147484378;GO;GOIANIA
59.567.855/0001-41;GRUPO CANAA - ASSOCIACAO DE PROTECAO PATRIMONIAL MUTUALISTA;6232389161;GO;GOIANIA
41.479.683/0001-99;GRUPO ELLO ASSOCIACAO E CLUBE DE BENEFICIOS;6240161040;GO;GOIANIA
59.885.956/0001-60;GTA PROTECAO MUTUALISTA;6231571440;GO;GOIANIA
49.669.441/0001-70;HELP CAR CLUBE DE BENEFICIOS;62984631478;GO;GOIANIA
50.634.479/0001-96;LIZ BENEFICIOS E SOCORRO MUTUO;62994403404;GO;NEROPOLIS
45.347.526/0001-80;MEGA PROTECAO VEICULAR & CLUBE DE BENEFICIOS - ASSOCIACAO NACIONAL DOS PROPRIETARIOS DE VEICULOS;6436230200;GO;RIO VERDE
54.490.868/0001-46;MOOVE ASSOCIACAO COLABORATIVA DO BRASIL;62993233680;GO;APARECIDA DE GOIANIA
50.589.634/0001-08;PROTEGE CAR PROTECAO MUTUALISTA;6232517032;GO;GOIANIA
49.139.682/0001-07;RAIO SOCORRO MUTUO;62999698240;GO;GOIANIA
53.242.223/0001-21;RISCO ZERO ASSOCIACAO E CLUBE DE BENEFICIOS;62991518585;GO;APARECIDA DE GOIANIA
60.691.174/0001-70;ROYALE ASSOCIADOS;62994040918;GO;GOIANIA
52.991.693/0001-25;SAAMS - CLUBE DE BENEFICIOS;62986060505;GO;GOIANIA
44.316.525/0001-06;TC TRACKER ASSOCIADOS;1147760013;GO;GOIANIA
60.545.961/0001-03;TODOS BENS PROTEGIDOS VALPARAISO DE GOIAS ASSOCIACAO DE PROTECAO PATRIMONIAL MUTUALISTA;6236023668;GO;VALPARAISO DE GOIAS
39.759.480/0001-04;TOWER ASSOCIACAO DE RATEIO DE DESPESAS OCORRIDAS E BENEFICIOS;62999246909;GO;GOIANIA
61.741.601/0001-40;VERSELL BENEFICIOS E PROTECAO PATRIMONIAL MUTUALISTA;62998660545;GO;GOIANIA
45.364.598/0001-36;ALTIS NORDESTE PROTECAO VEICULAR E BENEFICIOS;62982130836;MA;ESTREITO
43.182.794/0001-64;APROV-BEN BRASIL ASSOCIACAO DE PROTECAO VEICULAR E BENEFICIOS;11991227640;MA;SAO LUIS
23.010.930/0001-21;ATGB - ASSOCIACAO DOS TRANSPORTADORES DE GRAOS DO BRASIL;99988338929;MA;BALSAS
49.210.712/0001-24;FORTVIA;99981090195;MA;BALSAS
24.441.088/0001-45;ABRANGE - ASSOCIACAO DOS CONDUTORES DE VEICULOS DO ESTADO DE MINAS GERAIS;3130553037;MG;BELO HORIZONTE
13.269.838/0001-27;ABV - ASSOCIACAO DE BENEFICIOS E FACILIDADES;3125266238;MG;BELO HORIZONTE
33.504.510/0001-55;ADM - CLUBE DE BENEFICIOS;31998612515;MG;CONTAGEM
32.918.077/0001-31;AGRATER ASSOCIACAO DOS GRANELEIROS PARA COBERTURA DE TERCEIROS;3735223426;MG;BOM DESPACHO
21.577.171/0001-58;AGV BRASIL ASSOCIACAO DE AUTOGESTAO VEICULAR;3134433322;MG;BELO HORIZONTE
45.332.790/0001-40;ALIANCA LEVES - PROTECAO VEICULAR;3131763061;MG;DIVINOPOLIS
25.358.772/0001-20;ALIAR PROTECAO PATRIMONIAL MUTUALISTA;3138253836;MG;IPATINGA
61.619.010/0001-02;ALIARE ASSOCIACAO DE PROTECAO PATRIMONIAL MUTUALISTA;34991485485;MG;UBERLANDIA
51.190.323/0001-26;ALLIANCES PROTECAO VEICULAR;3123000606;MG;IPATINGA
31.279.012/0001-20;ALLSEG PROTECAO CIDADA;31973111956;MG;CONTAGEM
17.295.105/0001-18;AMAIS ASSOCIACAO DE PROTECAO VEICULAR;3125676868;MG;CONTAGEM
22.794.685/0001-28;AMPAR - ASSOCIACAO DOS CONDUTORES DE VEICULOS DO SUDESTE BRASILEIRO;32998260000;MG;SAO JOAO NEPOMUCENO
16.716.457/0001-37;AMPARUS;31981029898;MG;BELO HORIZONTE
55.422.482/0001-60;ANG PROTECAO VEICULAR;3122222222;MG;BELO HORIZONTE
26.066.671/0001-49;ANGLO ASSCAR ASSISTENCIA;3125674941;MG;CONTAGEM
57.238.527/0001-76;APROVTRUCK ASSOCIACAO DE PROTECAO PATRIMONIAL MUTUALISTA;31992946493;MG;CONTAGEM
18.056.261/0001-99;APVS TRUCK;1148583425;MG;BELO HORIZONTE
13.124.541/0001-73;ASCOBRAS - ASSOCIACAO DOS CONDUTORES DE VEICULOS DO BRASIL;3133222645;MG;CONTAGEM
21.606.321/0001-04;ASPROAUTO PROTECAO VEICULAR DO BRASIL;31996069758;MG;CONTAGEM
26.606.436/0001-12;ASSEGURAR CLUBE DE BENEFICIOS;3125721112;MG;BETIM
34.360.447/0001-93;ASSOCEG ASSOCIACAO DOS CEGONHEIROS DE MINAS GERAIS;3141274553;MG;BETIM
09.184.158/0001-33;ASSOCIACAO APOIO MINEIRO DE PROTECAO AOS PROPRIETARIOS DE VEICULOS;3232138978;MG;JUIZ DE FORA
62.874.219/0001-77;ASSOCIACAO ASSISTENCIAL FAMILIA BANDEIRANTE;3125526152;MG;BELO HORIZONTE
23.706.857/0001-27;ASSOCIACAO AUTOCLASS - GRUPO DE PROTECAO PATRIMONIAL MUTUALISTA;3133094596;MG;BELO HORIZONTE
37.714.865/0001-20;ASSOCIACAO BOM SUCESSO DE AJUDA MUTUA E BENEFICIOS;31996257296;MG;BETIM
13.436.610/0001-84;ASSOCIACAO BRASILEIRA DE INCLUSAO AUTOGESTAO DE BENEFICIOS;3130241418;MG;BELO HORIZONTE
18.353.100/0001-67;ASSOCIACAO BRASILEIRA DE TRANSPORTADORES;3433111919;MG;UBERABA
61.619.198/0001-80;ASSOCIACAO BRASILEIRA DE TRANSPORTE ROTA SEGURA;31971536885;MG;SANTA BARBARA
55.580.295/0001-04;ASSOCIACAO CLUB PRO MAIS;3125801780;MG;BELO HORIZONTE
21.092.404/0001-22;ASSOCIACAO CLUBE CAR BETIM;31988887424;MG;BETIM
19.531.604/0001-92;ASSOCIACAO CLUBE MAIS VANTAGENS;3332710911;MG;GOVERNADOR VALADARES
08.329.867/0001-05;ASSOCIACAO DE AJUDA MUTUA E GUARDA DE ASSOCIADOS - AGUARDA;3125579303;MG;BELO HORIZONTE
18.127.140/0001-90;ASSOCIACAO DE AMPARO E SOCORRO MUTUOS;3132713121;MG;BETIM
46.450.558/0001-70;ASSOCIACAO DE APOIO AO GRANDE TRANSPORTE MINEIRO;38999379000;MG;CHAPADA GAUCHA
11.339.623/0001-00;ASSOCIACAO DE APOIO AOS TRANSPORTADORES DE CARGAS DE MINAS E GOIAS - ANATRAMG;3432267707;MG;UBERLANDIA
09.540.224/0001-60;ASSOCIACAO DE AUTOMOVEIS E VEICULOS PESADOS - AUTO-TRUCK;3137891127;MG;BELO HORIZONTE
10.226.266/0001-00;ASSOCIACAO DE BENEFICIOS - UNICAR;31985110901;MG;BELO HORIZONTE
12.440.088/0001-41;ASSOCIACAO DE BENEFICIOS AOS TRANSPORTADORES DE CARGA DO VALE DO PIRANGA - TRUCKVALE;3138176765;MG;PONTE NOVA
29.103.721/0001-09;ASSOCIACAO DE BENEFICIOS E ASSISTENCIA PARA MOTORISTAS E PROPRIETARIOS DE VEICULOS AUTOMOTORES DE SETE LAGOAS - ASVEL;31992028003;MG;SETE LAGOAS
07.959.587/0001-00;ASSOCIACAO DE BENEFICIOS E PROTECAO AO AMIGO CAMINHONEIRO - ABPAC;3135920052;MG;BETIM
50.855.968/0001-78;ASSOCIACAO DE BENEFICIOS MOOVE PROTECAO VEICULAR;31998914359;MG;BELO HORIZONTE
12.275.168/0001-99;ASSOCIACAO DE CAMINHONEIROS BR TRUCK;3732360060;MG;PARA DE MINAS
40.802.705/0001-47;ASSOCIACAO DE CAMINHONEIROS PRIME TRUCK;3122128000;MG;SETE LAGOAS
44.594.534/0001-69;ASSOCIACAO DE CAMINHONEIROS REDE TRUCK;3137710520;MG;SETE LAGOAS
57.773.139/0001-95;ASSOCIACAO DE CAMINHONEIROS TRUKX LEVES;31987510853;MG;SETE LAGOAS
26.002.217/0001-24;ASSOCIACAO DE PROTECAO DE CARROS E MOTOCICLETAS - MULTICAR BRASIL;3134187825;MG;BELO HORIZONTE
21.567.137/0001-00;ASSOCIACAO DE PROTECAO DE VEICULOS PESADOS - PROVEP;34992153354;MG;UBERLANDIA
45.659.435/0001-80;ASSOCIACAO DE PROTECAO DOS PROPRIETARIOS DE VEICULOS DE PARA DE MINAS E REGIAO COM MULTIPLOS PLANOS;31992910364;MG;PARA DE MINAS
55.191.622/0001-36;ASSOCIACAO DE PROTECAO E ASSISTENCIA VEICULAR PRO MAIS;31985094998;MG;GUANHAES
51.994.901/0001-87;ASSOCIACAO DE PROTECAO E BENEFICIOS AOS VEICULOS LEVES;34991670134;MG;ARAXA
17.922.983/0001-16;ASSOCIACAO DE PROTECAO E BENEFICIOS VEICULAR -VALORIZA CAR;3133922535;MG;BELO HORIZONTE
08.377.464/0001-23;ASSOCIACAO DE PROTECAO MATERIAL AOS PROPRIETARIOS DE VEICULOS AUTOMOTORES - ASSOCIACAR;3135323138;MG;BETIM
23.436.514/0001-90;ASSOCIACAO DE PROTECAO PATRIMONIAL IDEAL;3133910680;MG;CONTAGEM
20.596.108/0001-04;ASSOCIACAO DE PROTECAO PATRIMONIAL MUTUALISTA INOVAR;3830843745;MG;MONTES CLAROS
20.940.809/0001-00;ASSOCIACAO DE PROTECAO VEICULAR E BENEFICIOS ALIANCA CAR;3135712305;MG;BRUMADINHO
45.777.095/0001-92;ASSOCIACAO DE PROTECAO VEICULAR E BENEFICIOS DE PATOS DE MINAS E REGIAO;34999751920;MG;PATOS DE MINAS
13.866.295/0001-25;ASSOCIACAO DE PROTECAO VEICULAR E SERVICOS SOCIAIS;3140072382;MG;BELO HORIZONTE
37.264.130/0001-41;ASSOCIACAO DE PROTECAO VEICULAR JF;32999518337;MG;JUIZ DE FORA
35.057.274/0001-00;ASSOCIACAO DE PROTECAO VEICULAR ZERO1;31999853857;MG;CONTAGEM
27.794.787/0001-67;ASSOCIACAO DE SOCORRO MUTUO BR;3125202022;MG;BELO HORIZONTE
39.764.465/0001-54;ASSOCIACAO DE SOCORRO MUTUO TOP BRASIL PV;3140636323;MG;CONTAGEM
25.109.306/0001-01;ASSOCIACAO DE VEICULOS MULTIMAIS VANTAGENS;33999348080;MG;GOVERNADOR VALADARES
10.804.689/0001-60;ASSOCIACAO DOS CAMINHONEIROS E EMPRESAS TRANSPORTADORAS DE CARGAS;3436641210;MG;ARAXA
29.397.548/0001-07;ASSOCIACAO DOS PROPRIETARIOS DE VEICULOS E MOTOCICLISTAS EM GERAL;31995975823;MG;CONTAGEM
07.714.742/0001-28;ASSOCIACAO DOS TRANSPORTADORES PATENSES;3438148400;MG;PATOS DE MINAS
07.132.340/0001-15;ASSOCIACAO EMPRESARIAL DOS TRANSPORTADORES DE CARGAS DE SABARA - ATS;3136411908;MG;SABARA
14.777.297/0001-00;ASSOCIACAO GESTAO VEICULAR UNIVERSO;3121204444;MG;BELO HORIZONTE
32.676.632/0001-66;ASSOCIACAO JK ASSISTENCIA DE PROTECAO DE PATRIMONIO;3432273850;MG;UBERLANDIA
25.354.235/0001-02;ASSOCIACAO MINAS DE PROTECAO VEICULAR - A M P V;3836777073;MG;UNAI
08.645.712/0001-70;ASSOCIACAO MINEIRA DE ASSISTENCIA E BENEFICIOS AOS AMIGOS;3133610458;MG;CONTAGEM
09.611.514/0001-58;ASSOCIACAO MINEIRA DE PROTECAO E ASSISTENCIA AUTOMOTIVA;3125151025;MG;BELO HORIZONTE
58.274.156/0001-40;ASSOCIACAO MUTUALISTA EXPERT - CLUBE DE BENEFICIOS;35999907377;MG;POCOS DE CALDAS
59.674.404/0001-03;ASSOCIACAO NACIONAL DE PROTECAO VEICULAR BRASIL VERDE GRUPO DE PROTECAO MUTUALISTA;38999371888;MG;UNAI
55.802.122/0001-93;ASSOCIACAO NOVA PROTECAO AUTOMOTIVA;31972098945;MG;TIMOTEO
35.535.239/0001-40;ASSOCIACAO OBJETIVA CLUBE DE BENEFICIOS E ASSISTENCIA PARA CONDUTORES DE VEICULOS;31996126966;MG;SETE LAGOAS
37.789.090/0001-51;ASSOCIACAO PARA AMPARO AOS MOTORISTAS DE APLICATIVOS APAMA GV;33984098115;MG;GOVERNADOR VALADARES
14.284.094/0001-82;ASSOCIACAO PARA O DESENVOLVIMENTO MUTUO E SOCIAL - SOMA;31983659894;MG;CONTAGEM
01.577.752/0001-82;ASSOCIACAO PARTICULAR DE AJUDA AO COLEGA - APAC -;3135913247;MG;BETIM
26.376.352/0001-30;ASSOCIACAO PATRIMONIAL MUTUALISTA DE PROTECAO E SEGURANCA - PRO SEGUR MUTUAL;8130626131;MG;IBIRITE
44.777.000/0001-78;ASSOCIACAO PRO TOP PROTECAO VEICULAR;31992283207;MG;BETIM
30.526.525/0001-26;ASSOCIACAO PROTON PROTECAO VEICULAR;3432310241;MG;UBERLANDIA
24.768.865/0001-60;ASSOCIACAO ROTA BRASIL DE APOIO A TRANSPORTADORES DE CARGA;3432138290;MG;UBERLANDIA
28.654.935/0001-00;ASSOCIACAO SEVEN DOS POSSUIDORES DE AUTOMOVEIS DE MINAS GERAIS;34991759982;MG;UBERLANDIA
49.798.362/0001-69;ASSOCIACAO SUDESTE PROTECAO VEICULAR;31996587820;MG;CONTAGEM
07.553.099/0001-06;ASSOCIACAO SUL MINEIRA DOS CAMINHONEIROS - ASSULMIC;35984147829;MG;ITAPEVA
33.235.892/0001-69;ASSOCIACAO SUPER AUTO PROTECAO PATRIMONIAL MUTUALISTA;31992342650;MG;BETIM
21.810.054/0001-92;ASSOCIACAO TIRADENTES PROTECAO VEICULAR;3130245829;MG;BELO HORIZONTE
30.384.478/0001-23;ASSOCIACAO UNIAO E PROTECAO AOS TRANSPORTADORES DE CARGAS DO NOROESTE MINEIRO UNITRAN;38999686916;MG;UNAI
18.902.390/0001-50;ASSOCIACAO UNIBETCAR DE PROTECAO PATRIMONIAL MUTUALISTA;3125711201;MG;BETIM
34.654.117/0001-00;ASSOCIACAO VIVA CAR PROTECAO VEICULAR;3125213131;MG;BETIM
54.275.539/0001-82;ASSOCIACAO Z4 CLUBE DE BENEFICIOS E PROTECAO PATRIMONIAL;3123423900;MG;BELO HORIZONTE
37.481.548/0001-00;ASSOCIACAO ZAP PROTECAO;3131577415;MG;JUIZ DE FORA
32.520.270/0001-10;ASSOCIBRAZ - PROTECAO PATRIMONIAL MUTUALISTA;31998629609;MG;CONTAGEM
26.787.296/0001-26;ASTER BRASIL PROTECAO PATRIMONIAL;3125139293;MG;BELO HORIZONTE
52.733.247/0001-10;ASTON ASSOCIACAO DE VEICULOS LEVES DA REGIAO DE CONTAGEM - MINAS GERAIS;31998907300;MG;CONTAGEM
09.335.988/0001-14;ASTRAMAC - ASSOCIACAO DE PROTECAO DOS AMIGOS TRANSPORTADORES DE CARGA DE MARTINHO CAMPOS E REGIAO;3735241415;MG;MARTINHO CAMPOS
08.261.892/0001-96;ASTRANS - ASSOCIACAO DOS TRANSPORTADORES DE SETE LAGOAS;3137730384;MG;SETE LAGOAS
10.695.384/0001-68;ATIVA ASSOCIACAO DE PROTECAO VEICULAR;3232134692;MG;JUIZ DE FORA
08.837.741/0001-33;ATRACOM - ASSOCIACAO DOS TRANSPORTADORES DE COMBUSTIVEL DE BETIM E CONTAGEM;3133628409;MG;CONTAGEM
41.266.970/0001-10;AUTO GUIA PROTECAO VEICULAR DE AJUDA MUTUA E BENEFICIOS;3136659887;MG;BETIM
18.234.373/0001-92;AUTO PROTEJA BENEFICIOS E PROTECAO PATRIMONIAL MUTUALISTA;3125659697;MG;CONTAGEM
29.943.383/0001-13;AVANCCE CLUBE DE BENEFICIOS;31999363405;MG;SAO JOAQUIM DE BICAS
23.376.839/0001-24;AVANTE CLUBE DE BENEFICIOS;3125681020;MG;CONTAGEM
54.791.957/0001-22;AVANTECAR;31998932353;MG;IBIRITE
08.454.614/0001-55;AVAP - ASSOCIACAO DE VANTAGENS AS PESSOAS;3133283600;MG;CONTAGEM
46.894.567/0001-50;BARUCK ASSOCIACAO DE PROTECAO VEICULAR E SERVICO;31996671759;MG;PEDRO LEOPOLDO
39.565.771/0001-61;BENEFICIOS BLUE;3140036897;MG;BELO HORIZONTE
56.427.251/0001-01;BGV - CLUBE DE BENEFICIOS;31985595219;MG;CONTAGEM
34.839.323/0001-95;BLUE CAR BENEFICIOS E PROTECAO PATRIMONIAL MUTUALISTA;35988996496;MG;VARGINHA
46.418.533/0001-99;BV PROTECAO PATRIMONIAL MUTUALISTA;31972561389;MG;BELA VISTA DE MINAS
34.847.993/0001-53;BY MOTORS CLUBE DE BENEFICIOS ASSOCIACAO DE PROTECAO PATRIMONIAL MUTUALISTA;3133185231;MG;BELO HORIZONTE
47.825.405/0001-22;CARFORT BENEFICIOS E PROTECAO PATRIMONIAL MUTUALISTA;3135323062;MG;CONTAGEM
23.493.284/0001-09;CASVEL CLUBE DE BENEFICIOS ASSOCIACAO PATRIMONIAL MUTUALISTA;3130242721;MG;BELO HORIZONTE
35.623.688/0001-40;CENTRAL CAR - ASSOCIACAO DE PROTECAO PATRIMONIAL MUTUALISTA;3137751404;MG;SETE LAGOAS
44.648.968/0001-02;CENTRAL PROTECAO PATRIMONIAL MUTUALISTA;37998283173;MG;DIVINOPOLIS
34.211.457/0001-67;CENTURION ASSOCIACAO DE PROTECAO DE VEICULOS AUTOMOTORES;31994957077;MG;BELO HORIZONTE
28.495.731/0001-74;CERTIFICAR PROTECAO PATRIMONIAL MUTUALISTA;3130553626;MG;BELO HORIZONTE
61.065.339/0001-60;CLIKAR BENEFICIOS E PROTECAO PATRIMONIAL MUTUALISTA;3141124920;MG;CONTAGEM
35.348.215/0001-82;CLUB MINAS PROTECAO VEICULAR;31995500701;MG;PEDRO LEOPOLDO
09.236.560/0001-14;CLUBE ANPARA DE ASSITENCIA E BENEFICIOS;3333151393;MG;IPATINGA
21.320.308/0001-94;CLUBE DE BENEFICIOS ABRACO;3332213609;MG;BELO HORIZONTE
18.260.524/0001-87;CLUBE DE BENEFICIOS AUTOBHZ;3132014972;MG;BELO HORIZONTE
32.580.910/0001-87;CLUBE DE BENEFICIOS ESCOLTA;3135082002;MG;BELO HORIZONTE
24.520.099/0001-10;CLUBE DE BENEFICIOS EXCLUSIVE - GRUPO DE PROTECAO PATRIMONIAL MUTUALISTA;3136533302;MG;CONTAGEM
31.125.595/0001-35;CLUBE DE BENEFICIOS LUCK PROTECAO PATRIMONIAL MUTUALISTA;31997017988;MG;BELO HORIZONTE
57.395.961/0001-60;CLUBE DE BENEFICIOS MUTUOS PROAPP;31989111300;MG;BELO HORIZONTE
60.757.212/0001-40;CONFIA BENEFICIOS E PROTECAO PATRIMONIAL MUTUALISTA;19984500412;MG;BELO HORIZONTE
28.718.036/0001-24;CONFIANCA CLUBE DE BENEFICIOS;32991090838;MG;JUIZ DE FORA
21.382.711/0001-48;CONFIANCE -ASSOCIACAO DE PROTECAO PATRIMONIAL MUTUALISTA;3732327005;MG;PARA DE MINAS
44.213.185/0001-98;CONNECT ASSOCIADOS;31980143791;MG;BELO HORIZONTE
32.742.115/0001-48;CONQUEST BRASIL ASSOCIACAO PATRIMONIAL MUTUALISTA;3125108600;MG;BELO HORIZONTE
07.755.676/0001-34;COOPERATIVA DE CONSUMO DOS TRANSPORTADORES RODOVIARIOS - COOPERTRUCK - LTDA;3134662729;MG;CONTAGEM
41.634.040/0001-72;COOPERATIVA DE PRESTACAO DE SERVICO E APOIO DO VALE DO JEQUITINHONHA E MUCURI - COOPERVALE;33997023712;MG;TEOFILO OTONI
44.359.482/0001-46;COOPERBEN BENEFICIOS E SOCORRO MUTUO;3141120888;MG;CONTAGEM
32.566.684/0001-80;COOPERMINAS PROTECAO PATRIMONIAL MUTUALISTA;31991332863;MG;BELO HORIZONTE
09.443.741/0001-11;CPV- COOPERATIVA DOS PROPRIETARIOS DE VEICULOS LTDA;3732418127;MG;ITAUNA
26.056.079/0001-66;DELTA CLUBE DE BENEFICIOS;3125202250;MG;BELO HORIZONTE
39.325.201/0001-02;EAGLE PROTECAO MUTUA E BENEFICIOS;3134744414;MG;BELO HORIZONTE
26.362.752/0001-96;EFRAIM CLUBE DE VANTAGENS;3130469779;MG;CONTAGEM
28.729.621/0001-20;ELITE CLUBE DE BENEFICIOS;34996661003;MG;UBERLANDIA
29.066.924/0001-72;ELITE PROTECAO VEICULAR;3138411488;MG;UBERLANDIA
57.914.819/0001-81;ELO BRASIL PROTECAO VEICULAR E SERVICOS SOCIAIS;3136571808;MG;MATOZINHOS
51.533.335/0001-06;ESCOLHA CERTA BENEFICIOS;3130106700;MG;BETIM
22.965.791/0001-27;EXCELENCIA ASSOCIACAO DE PROTECAO VEICULAR DOS COMERCIANTES PROPRIETARIOS DE VEICULOS LEVES DE CONTAGEM E REGIAO;3125120800;MG;CONTAGEM
32.318.591/0001-36;FIVE AUTO TRUCK;3131763664;MG;SETE LAGOAS
49.331.719/0001-02;FORMULA BENEFICIOS E SOCORRO MUTUO;31996399276;MG;CONTAGEM
33.990.923/0001-97;FOX-ASSOCIACAO DE PROTECAO PATRIMONIAL MUTUALISTA;3135944401;MG;BETIM
24.847.070/0001-48;GLOBAL PROTECT ASSOCIACAO DE PROTECAO PATRIMONIAL MUTUALISTA;1146165443;MG;BELO HORIZONTE
28.073.157/0001-66;GLOBO CLUBE DE BENEFICIOS E SOCORRO MUTUO;3125676768;MG;CONTAGEM
52.390.909/0001-05;GPCAR BENEFICIOS;3137742604;MG;SETE LAGOAS
37.041.443/0001-30;GRUPO DE PROTECAO MUTUALISTA - AMCAR;31993599564;MG;CONTAGEM
34.270.278/0001-09;GRUPO DE PROTECAO PATRIMONIAL MUTUALISTA - CARDOSH BRASIL;3132750516;MG;BELO HORIZONTE
24.803.631/0001-07;GRUPO MOTOR HOME DO BRASIL;3137864600;MG;BELO HORIZONTE
27.885.859/0001-81;GRUPO ONB PROTECAO PATRIMONIAL MUTUALISTA;3125850999;MG;CONTAGEM
55.388.841/0001-00;HELIOS BENEFICIOS E PROTECAO PATRIMONIAL MUTUALISTA;31992395859;MG;BETIM
29.425.306/0001-71;HORIZONTE ASSOCIACAO DE PROTECAO VEICULAR;3136531500;MG;CONTAGEM
23.357.600/0001-07;IDEAL CLUBE DE BENEFICIOS;3135164900;MG;BELO HORIZONTE
51.293.437/0001-00;IDEALIS SOCORRO MUTUO E PROTECAO VEICULAR;31998595205;MG;BETIM
24.577.083/0001-44;IMPERIO CAR ASSOCIACAO DOS MOTORISTAS DE IBIRITE;3125270983;MG;BELO HORIZONTE
47.770.914/0001-03;IMPERIO CLUBE DE BENEFICIOS - IMPERIO PROTECAO VEICULAR;31982849481;MG;CONTAGEM
29.271.598/0001-35;INFBRASIL ASSOCIACAO DE AUTOGESTAO;3121160886;MG;BELO HORIZONTE
56.005.428/0001-81;INICIATIVA ASSOCIACAO DE BENEFICIOS;31992216626;MG;BELO HORIZONTE
26.563.543/0001-00;INNOVE CLUBE DE BENEFICIOS;31984761327;MG;PEDRO LEOPOLDO
11.759.031/0001-47;INOVA CAR CLUBE DE BENEFICIOS;3135080700;MG;BETIM
51.980.540/0001-10;INTACTA BENEFICIOS E PROTECAO PATRIMONIAL MUTUALISTA;3434372587;MG;ARAXA
26.602.796/0001-46;INTEGRAL - ASSOCIACAO DE PROTECAO PATRIMONIAL;31988353629;MG;IPATINGA
43.490.506/0001-39;INTENSIVA PROTECAO VEICULAR;3130401327;MG;CONTAGEM
44.495.799/0001-00;INVEST - ASSOCIACAO DOS COMERCIANTES CONDUTORES DE VEICULO DA GRANDE BELO HORIZONTE - MINAS GERAIS;31987839843;MG;BELO HORIZONTE
49.502.194/0001-12;ITUCAR - CLUBE DE BENEFICIOS;34997691627;MG;ITURAMA
58.554.496/0001-25;JF PETTRUS PROTECAO PATRIMONIAL MUTUALISTA;3220280289;MG;JUIZ DE FORA
26.781.337/0001-77;KRATOS BRASIL ASSOCIADOS;3136534929;MG;BELO HORIZONTE
36.451.691/0001-97;LEAL CLUBE DE BENEFICIOS;31995798087;MG;CONTAGEM
29.834.464/0001-85;LOTTUS - CLUBE DE BENEFICIOS;31991339563;MG;JOAO MONLEVADE
61.215.985/0001-67;MACROAUTO - GRUPO DE PROTECAO PATRIMONIAL MUTUALISTA;31999673544;MG;BETIM
21.832.108/0001-10;MASTERCAR ABM - ASSOCIACAO DE BENEFICIOS MUTUOS;3137874200;MG;BETIM
38.215.548/0001-21;MAXPRO PROTECAO AUTOMOTIVA;3133271722;MG;BELO HORIZONTE
24.366.947/0001-89;MAXXCAR - BARBACENA - ASSOCIACAO DOS PROPRIETARIOS DE VEICULOS AUTOMOTORES E BENEFICIOS;32988919835;MG;BARBACENA
37.527.946/0001-10;MAXXCAR ASSOCIACAO DE BENEFICIOS E PROTECOES;32999515570;MG;MATIAS BARBOSA
23.853.159/0001-54;MAXXGROUP-ASSOCIACAO DE BENEFICIOS E PROTECOES;3232178834;MG;JUIZ DE FORA
28.018.420/0001-14;MCBRASIL CLUBE DE BENEFICIOS E PROTECAO PATRIMONIAL MUTUALISTA;3125656073;MG;BRUMADINHO
59.825.540/0001-57;METIS ASSOCIACAO DE PROTECAO PATRIMONIAL MUTUALISTA;31995001462;MG;BELO HORIZONTE
33.943.263/0001-93;MINAS AUTO BENEFICIOS E PROTECAO PATRIMONIAL MUTUALISTA;3131982800;MG;CONTAGEM
32.446.550/0001-25;MINAS BRASIL PROTECAO PATRIMONIAL MUTUALISTA;31989287633;MG;CONTAGEM
22.397.448/0001-23;MIRACAR DO BRASIL ASSOCIACAO BRASILEIRA DE PROTECAO PATRIMONIAL MUTUALISTA;31997616345;MG;BETIM
20.786.635/0001-73;MIX ASSOCIACAO DE PROTECAO VEICULAR;31972561830;MG;JOAO MONLEVADE
23.699.501/0001-03;MOTO CAR - CLUBE DE BENEFICIOS;3332777994;MG;GOVERNADOR VALADARES
28.194.890/0001-39;MULTICLUBCAR CLUBE DE BENEFICIOS;3135191400;MG;BETIM
31.569.992/0001-04;MUNDIAL PROTECAO VEICULAR;31982766265;MG;CONTAGEM
22.007.788/0001-09;NACIONAL AUTO CLUBE DE BENEFICIOS E PROTECAO A VEICULOS - NACIONAL AUTO CLUBE;3125653030;MG;CONTAGEM
27.038.530/0001-85;NOBRE CLUBE DE BENEFICIOS ASSOCIACAO DE PROTECAO PATRIMONIAL MUTUALISTA;3125200072;MG;BELO HORIZONTE
43.025.784/0001-15;NOBRE TRUCK SP - ASSOCIACAO DE PROTECAO VEICULAR;31997338861;MG;DIVINOPOLIS
41.316.552/0001-90;PAN - PLATAFORMA AUTOMOTIVA NACIONAL E PROTECAO PATRIMONIAL MUTUALISTA;3125246660;MG;CONTAGEM
35.586.489/0001-00;PETTRUS PROTECAO PATRIMONIAL MUTUALISTA;3230835079;MG;JUIZ DE FORA
27.623.394/0001-90;PHP CLUBE DE BENEFICIOS;31996372829;MG;BELO HORIZONTE
47.892.647/0001-39;PILAR ASSOCIACAO DE PROTECAO PATRIMONIAL MUTUALISTA .;3132742368;MG;BELO HORIZONTE
30.924.988/0001-46;PJP ASSOCIACAO E CLUBE DE BENEFICIOS;3137211761;MG;CONSELHEIRO LAFAIETE
34.803.271/0001-05;PLAY PLATAFORMA DE BENEFICIOS GRUPO DE PROTECAO PATRIMONIAL MUTUALISTA;3130496334;MG;CONTAGEM
47.099.412/0001-94;PLENA BRASIL VEICULOS PROTEGIDOS;31972253044;MG;BELO HORIZONTE
29.123.992/0001-26;PLENO SELECT CLUBE DE BENEFICIOS;3140202044;MG;IPATINGA
49.138.247/0001-68;PLUG BENEFICIOS E SOCORRO MUTUO;3130584349;MG;BELO HORIZONTE
50.357.617/0001-37;PONTO PREMIUM BENEFICIOS E PROTECAO PATRIMONIAL MUTUALISTA;3131570808;MG;CONTAGEM
22.884.074/0001-70;PORTAL CAR CLUBE DE BENEFICIOS;3125597740;MG;CONTAGEM
30.666.213/0001-18;PORTO REAL PROTECAO PATRIMONIAL MUTUALISTA;31998324567;MG;BELO HORIZONTE
26.811.493/0001-33;POWER CAR PROTECAO VEICULAR;3125651944;MG;CONTAGEM
45.959.389/0001-35;PREMMIER PROTECAO PATRIMONIAL MUTUALISTA;31991569353;MG;BETIM
49.707.632/0001-89;PRIME - ASSOCIACAO DE PROTECAO PATRIMONIAL MUTUALISTA;3136167197;MG;IPATINGA
30.174.571/0001-03;PROCLUBE CLUBE DE BENEFICIOS;3123914819;MG;BELO HORIZONTE
61.227.818/0001-36;PROFECT PROTECAO PATRIMONIAL MUTUALISTA;3133820733;MG;BELO HORIZONTE
12.472.235/0001-65;PROTEAUTO TRUCK - ASSOCIACAO DOS PROPRIETARIOS DE VEICULOS AUTOMOTORES DO BRASIL;3137796888;MG;SETE LAGOAS
37.894.031/0001-43;PROTEC AUTO TRUST BRASIL;3337512214;MG;BELO HORIZONTE
28.240.733/0001-12;PROTECT CAR PROTECAO VEICULAR;31991122978;MG;CONTAGEM
35.772.509/0001-37;PROTEGE CAR BENEFICIOS E PROTECAO PATRIMONIAL MUTUALISTA;3232218673;MG;JUIZ DE FORA
18.501.926/0001-26;PROTEV - ASSOCIACAO DE PROTECAO VEICULAR DE CARROS E MOTOS;3133875279;MG;CONTAGEM
40.355.031/0001-80;PROTVEM ASSOCIACAO DE PROTECAO PATRIMONIAL MUTUALISTA;31994568086;MG;BETIM
44.227.136/0001-04;PROVER ASSIST CLUBE DE BENEFICIOS PATRIMONIAL MUTUALISTA;3735233252;MG;POMPEU
27.543.924/0001-90;PROVINCE CLUBE DE BENEFICIOS - GRUPO DE PROTECAO PATRIMONIAL MUTUALISTA;3133240009;MG;BELO HORIZONTE
48.191.104/0001-57;QUALICAR PROTECAO PATRIMONIAL MUTUALISTA;3731120555;MG;DIVINOPOLIS
17.349.035/0001-33;RODAR - ASSOCIACAO DOS TRANSPORTADORES;31993141013;MG;SETE LAGOAS
23.276.812/0001-60;ROTA BRASIL BENEFICIOS;31982313571;MG;BELO HORIZONTE
30.955.212/0001-93;RTF CLUBE DE BENEFICIOS;3130466639;MG;CONTAGEM
39.445.918/0001-80;SAFETY CAR CLUBE DE BENEFICIOS;3121161600;MG;CONTAGEM
19.503.759/0001-15;SAVE CAR CLUBE DE ASSISTENCIA A PROTECAO PATRIMONIAL MUTUALISTA;3125680838;MG;CONTAGEM
29.614.103/0001-23;SISTEMA ASSOCIATIVO DE PROTECAO PATRIMONIAL MUTUALISTA DO BRASIL - SAB;31998886625;MG;CONTAGEM
23.610.932/0001-51;SPARTA ASSOCIACAO DE BENEFICIOS;3133514547;MG;BELO HORIZONTE
61.266.795/0001-79;TIGER BENEFICIOS E PROTECAO PATRIMONIAL MUTUALISTA;31984437973;MG;BELO HORIZONTE
32.248.756/0001-40;TOP TRUCK - CLUBE DE BENEFICIOS;3135652240;MG;CONTAGEM
28.301.135/0001-06;TRIPKAR PROTECAO PATRIMONIAL MUTUALISTA;31993833286;MG;BELO HORIZONTE
57.641.155/0001-24;UAI COMPANY ASSOCIACAO MUTUALISTA DE AUTOGESTAO PATRIMONIAL;31994769761;MG;BELO HORIZONTE
25.182.894/0001-09;UNIAO DE BENEFICIARIOS E PROPRIETARIOS DE CAMINHOES E TRANSPORTADORES DE CARGAS - PREVENIR TRUCK;3137873220;MG;BETIM
60.590.457/0001-25;UNIAO DOS CAMINHONEIROS DO BRASIL;3131762964;MG;SETE LAGOAS
08.388.164/0001-40;UNIAO NACIONAL DE ASSISTENCIA E BENEFICIOS AOS USUARIOS DE VEICULOS;3135321000;MG;BETIM
19.679.379/0001-36;UNIAO NACIONAL DOS CONSUMIDORES E PROPRIETARIOS DE VEICULOS - UNICOON;3138408795;MG;ITABIRA
55.702.718/0001-11;UNICOOP - COOPERATIVA DE CONSUMO DOS CONDUTORES DE VEICULOS AUTOMOTORES LTDA;31974331360;MG;BELO HORIZONTE
61.704.723/0001-66;UNITY SOLUTION PROTECAO VEICULAR;31999435043;MG;BETIM
53.272.255/0001-70;USI CLUB DE BENEFICIOS;3136166416;MG;IPATINGA
27.667.857/0001-16;VITALLYS BRASIL - CLUBE DE BENEFICIOS;3133551546;MG;CONTAGEM
33.767.492/0001-02;VIVER ASSISTENCIA;3132264777;MG;BELO HORIZONTE
59.185.481/0001-08;ZEPPO BRASIL PROTECAO VEICULAR;31999702705;MG;MATOZINHOS
35.481.438/0001-13;ZERO RISCO ASSOCIACAO DE PROTECAO VEICULAR;3138262171;MG;IPATINGA
60.909.988/0001-38;ASSOCIACAO HOPE PROTECAO VEICULAR;67993103345;MS;CAMPO GRANDE
37.296.107/0001-39;ASSOCIACAO MUTUA MAIS BENEFICIOS;6734244403;MS;DOURADOS
25.330.769/0001-07;ASSOCIACAO DE BENEFICIOS DOS AMIGOS MATOGROSSENSES;6635446021;MT;SORRISO
30.357.494/0001-27;ASSOCIACAO DE PROTECAO VEICULAR VITAX AUTO MAIS - APROVVAM;65990574311;MT;CUIABA
30.728.112/0001-24;ASSOCIACAO DOS PROPRIETARIOS E ARRENDATARIOS DE CAMINHOES DE NOVA MUTUM;66997263231;MT;NOVA MUTUM
36.631.764/0001-22;ASSOCIACAO FORTRES DE PROTECAO AUTOMOTIVA DO BRASIL;65981192137;MT;VARZEA GRANDE
58.039.085/0001-00;ASSOCIACAO GRUPO VERDE;66996195647;MT;VERA
10.420.006/0001-71;ASSOCIACAO NACIONAL DE GESTAO ESTUDOS LOGISTICOS;66999165888;MT;RONDONOPOLIS
37.425.740/0001-80;GRUPO 070;65996941216;MT;CAMPO VERDE
49.069.824/0001-07;LIDERANCA BENEFICIOS E SOCORRO MUTUO;65993262148;MT;NOVA MUTUM
52.749.024/0001-41;NOVVA;66996073487;MT;RONDONOPOLIS
59.186.653/0001-50;RDM ASSOCIACAO CLUBE DE BENEFICIOS MUTUOS AOS PROPRIETARIOS DE VEICULOS LEVES E PESADOS - PROTECAO VEICULAR;66996249898;MT;RONDONOPOLIS
59.789.245/0001-92;SOLUCAO ASSOCIACAO DE PROTECAO PATRIMONIAL MUTUALISTA;66996362154;MT;CUIABA
51.583.932/0001-45;BALUARTE GRUPO DE PROTECAO PATRIMONIAL MUTUALISTA;91986270958;PA;CASTANHAL
13.741.088/0001-44;BRASIL COOPERATIVA DE APOIO AOS CONSUMIDORES DE VEICULOS;91981805135;PA;BELEM
31.389.605/0001-40;NEWCOOP COOPERATIVA DE APOIO AOS CONSUMIDORES DE VEICULOS;91989740300;PA;BELEM
55.908.513/0001-97;VIA NORTE PROTECAO VEICULAR;94992649394;PA;PARAUAPEBAS
48.645.672/0001-80;ASSOCIACAO DE PROTECAO VEICULAR PROBEM;83988888840;PB;PEDRAS DE FOGO
39.487.811/0001-02;ASSOCIACAO DE SUPORTE E BENEFICIOS - SAFETYCAR;83996909283;PB;CAMPINA GRANDE
45.558.345/0001-01;ASSOCIACAO PROTEGER + CLUBE DE BENEFICIOS;8341413634;PB;JOAO PESSOA
46.355.576/0001-72;AUTO X ASSOCIACAO DE PROTECAO PATRIMONIAL MUTUALISTA;8331420872;PB;RIO TINTO
61.728.483/0001-30;FLASHPROTECT - PROTECAO VEICULAR;83981322125;PB;BAYEUX
31.455.851/0001-52;PROSEG - ASSOCIACAO DE PROTECAO PATRIMONIAL MUTUALISTA;83996336133;PB;CAMPINA GRANDE
55.049.181/0001-32;3R ASSOCIADOS DE BENEFICIOS MUTUOS;81993757812;PE;CHA GRANDE
42.936.374/0001-63;A3 - ASSOCIACAO DE PROTECAO PATRIMONIAL MUTUALISTA;81973155514;PE;TORITAMA
55.601.100/0001-65;ABMB ASSOCIACAO BRASILEIRA DE MULTIPLOS BENEFICIOS;81991241169;PE;CARUARU
42.824.127/0001-75;AGGILY CLUBE DE BENEFICIOS;83988408045;PE;RECIFE
27.171.737/0001-23;ALLIANCE CLUBE DE BENEFICIOS;81994309969;PE;PALMARES
39.710.135/0001-86;APB - ASSOCIACAO PRESTADORA DE BENEFICIOS MUTUOS;8131376609;PE;CARUARU
38.707.715/0001-51;APPV -ASSOCIACAO POPULAR DE PROTECAO VEICULAR;8130464171;PE;CARUARU
40.948.684/0001-72;AR-4 PROTECAO VEICULAR E CLUBE DE BENEFICIOS;8132233853;PE;RECIFE
32.133.804/0001-55;ASSOCIACAO AGRESTINENSE DE BENEFICIOS MUTUOS;81997420939;PE;AGRESTINA
32.636.673/0001-29;ASSOCIACAO AUTO SIGA BEM DE BENEFICIOS MUTUOS;81998448616;PE;CARUARU
46.321.318/0001-75;ASSOCIACAO AUTOUNIDOS DE PROTECAO E BENEFICIOS;87992091496;PE;SAO JOSE DO EGITO
59.648.298/0001-93;ASSOCIACAO BENEFICENTE DOS CAMINHONEIROS DE BONITO;81995990355;PE;BONITO
60.927.123/0001-02;ASSOCIACAO CAMINHAO PROTEGIDO ASSOCIADOS;81991321731;PE;CARUARU
41.136.242/0001-94;ASSOCIACAO DE ASSISTENCIA E BENEFICIOS DO AGRESTE;8130463331;PE;CARUARU
33.623.399/0001-16;ASSOCIACAO DE PROTECAO AUTOMOTIVA STAR VEICULOS;81973066521;PE;CARUARU
36.375.494/0001-36;ASSOCIACAO DE PROTECAO PATRIMONIAL SUL ASSOCIADOS;8135331707;PE;CHA GRANDE
22.445.806/0001-26;ASSOCIACAO DE PROTECAO VEICULAR - SUPER MOTOS;81998312398;PE;CARPINA
32.611.812/0001-60;ASSOCIACAO DE PROTECAO VEICULAR AGRESTCAR DA CIDADE DE GARANHUNS-PE;87999568606;PE;GARANHUNS
34.574.211/0001-50;ASSOCIACAO DE PROTECAO VEICULAR NOS LIG ASSOCIADOS;81992798673;PE;FEIRA NOVA
55.115.358/0001-51;ASSOCIACAO DE SOCORRO MUTUO A TRABALHADORES AUTONOMOS DO NORDESTE;87988652382;PE;PETROLINA
52.098.245/0001-05;ASSOCIACAO DE SOCORRO MUTUO AMERICANA;81993559971;PE;RECIFE
45.225.251/0001-02;ASSOCIACAO DE SOCORRO MUTUO ASA DE PRATA;8131367618;PE;CARUARU
46.070.104/0001-73;ASSOCIACAO DE SOCORRO MUTUO E BENEFICIOS ALIANCA;81991719611;PE;GRAVATA
42.149.035/0001-37;ASSOCIACAO DE SOCORRO MUTUO VEICULAR - SENA'S;81999224786;PE;GOIANA
53.129.943/0001-85;ASSOCIACAO DE SOCORRO MUTUOS BEM MAIS;81993873732;PE;RECIFE
33.039.612/0001-47;ASSOCIACAO F MAIS PROTECAO PATRIMONIAL MUTUALISTA;81985716222;PE;TORITAMA
60.669.269/0001-97;ASSOCIACAO KORU CLUBE DE BENEFICIOS;81993445775;PE;CARUARU
42.657.186/0001-04;ASSOCIACAO MUTUA PROTECAO;81996012229;PE;JABOATAO DOS GUARARAPES
47.940.657/0001-00;ASSOCIACAO NL CLUBE DE BENEFICIOS;81995254309;PE;FEIRA NOVA
53.698.540/0001-57;ASSOCIACAO NORDESTE ASSOCIADOS DE BENEFICIOS DE SOCORRO MUTUOS;81998031818;PE;CHA GRANDE
40.982.086/0001-10;ASSOCIACAO REAL PRIME PROTECAO VEICULAR;81999133928;PE;PAULISTA
54.984.180/0001-12;ASSOCIACAO VIPCAR BRASIL PROTECAO VEICULAR;81997721369;PE;GARANHUNS
45.036.442/0001-26;AUTO VALE CLUBE DE BENEFICIOS;74991048409;PE;PETROLINA
42.911.179/0001-89;AUTOTUDO NORDESTE CLUBE DE BENEFICIOS;81989214648;PE;CARPINA
57.223.803/0001-22;CICLO ASSOCIACAO DE PROTECAO PATRIMONIAL MUTUALISTA;81999282921;PE;CARUARU
27.381.591/0001-40;CNBB - CLUBE NACIONAL DE BENEFICIOS MUTUOS DO BRASIL;8131372398;PE;CARUARU
35.078.022/0001-59;CONNECT CLUBE DE BENEFICIOS;8732018465;PE;PETROLINA
54.578.939/0001-67;D-TECH PROTECAO VEICULAR;81994101215;PE;GOIANA
46.543.725/0001-27;DESCOMPLICA BENEFICIOS E SOCORRO MUTUO;81992198144;PE;JABOATAO DOS GUARARAPES
60.748.557/0001-37;ELO ASSOCIACAO DE PROTECAO PATRIMONIAL MUTUALISTA;81988760505;PE;CARUARU
34.125.968/0001-66;FENIX ASSOCIACAO DE BENEFICIOS MUTUOS;81971111219;PE;BEZERROS
61.645.098/0001-29;FIDELIBENS ASSOCIACAO DE PROTECAO PATRIMONIAL;81991216116;PE;CARUARU
57.343.607/0001-91;FORTUNA ASSOCIACAO DE BENEFICIOS;81999162407;PE;VITORIA DE SANTO ANTAO
57.908.643/0001-55;GEPV - GRUPO ESPECIALIZADO EM PROTECAO VEICULAR;81993646820;PE;SANTA CRUZ DO CAPIBARIBE
50.199.808/0001-18;ICLUB ASSOCIACAO DE BENEFICIOS;81999547016;PE;CARUARU
42.033.996/0001-81;INOVAR ASSOCIACAO DE PROTECAO PATRIMONIAL MUTUALISTA;87988430381;PE;JUREMA
44.218.419/0001-90;INTEGRA PROTECAO VEICULAR ASSOCIADOS;87999923684;PE;LAJEDO
44.346.622/0001-41;LIBRA - LIGA BRASILEIRA ASSOCIATIVA;81999500031;PE;RECIFE
28.472.719/0001-44;LIDERANCA ASSOCIADOS;81996512963;PE;RECIFE
54.560.666/0001-23;LOGOS PROTECAO VEICULAR ASSOCIACAO DE BENEFICIOS;8133333333;PE;CAMARAGIBE
55.497.881/0001-90;MACHADO PROTECAO VEICULAR;81991581142;PE;VITORIA DE SANTO ANTAO
52.547.895/0001-82;MARLOS ASSOCIACAO DE PROTECAO E ASSISTENCIA VEICULAR;87981331116;PE;BOM CONSELHO
36.344.244/0001-39;MASTER BRASIL PROTECAO VEICULAR;81998601303;PE;RECIFE
31.721.326/0001-31;MASTER PROTECAO PATRIMONIAL MUTUALISTA;81982625775;PE;GRAVATA
28.420.540/0001-43;MAX CLUBE DE BENEFICIOS;8132641116;PE;VITORIA DE SANTO ANTAO
49.645.046/0001-57;MAXIMIZE PROTECAO VEICULAR ASSOCIACAO DE BENEFICIOS;81994366483;PE;BARREIROS
36.427.940/0001-09;MEGABRASIL CLUBE DE BENEFICIOS;81997336362;PE;ITAMBE
47.163.807/0001-09;MODELO ASSOCIACAO DE PROTECAO VEICULAR;81996802889;PE;CAMARAGIBE
45.904.396/0001-30;MS ASSOCIACAO DE PROTECAO PATRIMONIAL MUTUALISTA;81995404948;PE;PASSIRA
27.640.579/0001-03;MULTIBENS ASSOCIADOS;81995569223;PE;BEZERROS
35.787.306/0001-14;NOSSA ASSOCIACAO DE PROTECAO PATRIMONIAL MUTUALISTA;87996323439;PE;JUCATI
50.383.118/0001-14;PRO MASTER OFICIAL ASSOCIACAO DE PROTECAO PATRIMONIAL MUTUALISTA;8131972688;PE;OROBO
31.258.555/0001-61;PROCAR PROTEGE CLUBE DE BENEFICIOS MUTUOS;8141079896;PE;JABOATAO DOS GUARARAPES
34.939.255/0001-36;PROMOVE PROTECAO PATRIMONIAL MUTUALISTA;8133140685;PE;RECIFE
25.192.871/0001-85;PROTEGE ASSOCIACAO DE BENEFICIOS MUTUOS;8135338157;PE;GRAVATA
37.564.025/0001-28;R1 PROTECAO PATRIMONIAL MUTUALISTA;81997347704;PE;GRAVATA
61.446.421/0001-35;SEGBENS ASSOCIACAO DE PROTECAO PATRIMONIAL MUTUALISTA;8131377740;PE;CARUARU
48.553.635/0001-42;SEMPRE FORTE ASSOCIADOS;81982360187;PE;VITORIA DE SANTO ANTAO
24.625.676/0001-39;SENNA ASSOCIACAO DE PROTECAO PATRIMONIAL MUTUALISTA;8137282060;PE;BEZERROS
46.449.265/0001-72;SERTAO PREVENCOES;87988189818;PE;PETROLINA
32.124.576/0001-57;STAFF PROTECAO VEICULAR;81998739391;PE;LIMOEIRO
54.805.358/0001-10;SUPER MASTER CLUBE DE BENEFICIOS;8134444444;PE;CHA GRANDE
53.295.435/0001-77;SUPER TOTAL MUTUAL;81998498167;PE;JABOATAO DOS GUARARAPES
44.983.848/0001-53;T&E BENEFICIOS E SOCORRO MUTUO;8135361178;PE;POMBOS
48.936.971/0001-74;TAVARES BENEFICIOS E SOCORRO MUTUO;81996670003;PE;RECIFE
32.998.950/0001-43;UNA ASSOCIACAO DE PROTECAO PATRIMONIAL MUTUALISTA;81997100450;PE;TORITAMA
55.250.571/0001-76;VGB ASSOCIACAO DE BENEFICIOS;81994981612;PE;CARUARU
52.041.504/0001-53;VI GOIANA ASSOCIACAO DE BENEFICIOS;81994944044;PE;GOIANA
36.684.733/0001-30;VIPSEG BRASIL CLUBE DE BENEFICIOS E PROTECAO VEICULAR;8130991262;PE;RECIFE
33.586.550/0001-93;VOGG - ASSOCIACAO ASSISTENCIAL E DE BENEFICIOS;8130931744;PE;JABOATAO DOS GUARARAPES
35.017.794/0001-80;ASSOCIACAO DE PROTECAO E BENEFICIOS AOS PROPRIETARIOS DE VEICULOS;86999319482;PI;TERESINA
44.762.317/0001-30;ASSOCIACAO UNIALIANCA PROTECAO VEICULAR- UNIV;86999828210;PI;TERESINA
54.035.470/0001-10;9 ESCUDOS ASSOCIACAO;47999195004;PR;RIO NEGRO
31.258.426/0001-73;ABAM - ASSOCIACAO DE BENEFICIOS DOS MUTUARIOS DE CURITIBA;4133877319;PR;CURITIBA
32.676.475/0001-99;ABESP - ASSOCIACAO DE BENEFICIOS E SOLUCOES DE PROTECAO PATRIMONIAL;4330664615;PR;LONDRINA
25.056.693/0001-65;ACAC VIA FACIL BENEFICIOS ASSOCIATIVOS E SOCORRO MUTUO - ASSOCIACAO DE GRUPOS SOLIDARIOS E CATEGORIZADOS;4533034593;PR;CASCAVEL
46.596.563/0001-95;AGIUS BENEFICIOS E PROTECAO PATRIMONIAL MUTUALISTA;43998334005;PR;ARAPONGAS
32.364.087/0001-72;AMERICA - ASSOCIACAO DOS CONDUTORES DE VEICULOS DO PARANA;4333372204;PR;LONDRINA
30.021.024/0001-98;ANJO CLUBE DE BENEFICIOS - ACB;4130517152;PR;PINHAIS
12.455.849/0001-39;ASETRANS - ASSOCIACAO DE SERVICO NO TRANSPORTE DE CARGA;4133730046;PR;CURITIBA
10.895.958/0001-41;ASPROV - ASSOCIACAO DE PROTECAO AOS VEICULOS DE TRANSPORTE DE CARGAS;4130896262;PR;CURITIBA
58.455.444/0001-00;ASSOCIACAO DE AMIGOS DO ESTADO DO PARANA;43996690033;PR;ARAPONGAS
54.941.215/0001-36;ASSOCIACAO DE BENEFICIOS DA REGIAO METROPOLITANA DE CURITIBA/PR;41991320660;PR;CURITIBA
53.249.666/0001-44;ASSOCIACAO DE BENEFICIOS MAF - AUTOMAF PROTECAO VEICULAR;4333220670;PR;LONDRINA
43.535.031/0001-50;ASSOCIACAO DE PROPRIETARIOS DE CARROS DO SUL;48988040146;PR;SAO JOSE DOS PINHAIS
47.654.020/0001-40;ASSOCIACAO DE PROTECAO PATRIMONIAL TOYAMA;4137975538;PR;FAZENDA RIO GRANDE
43.688.493/0001-07;ASSOCIACAO DE PROTECAO VEICULAR;4133850880;PR;SAO JOSE DOS PINHAIS
55.581.054/0001-80;ASSOCIACAO DE SOCORRO MUTUO AMERICA TRUCK;46988233539;PR;DOIS VIZINHOS
36.527.395/0001-22;ASSOCIACAO DOS PROPRIETARIOS DE CAMINHOES E MOTORISTAS DO BRASIL - PROTEAUTO BRASIL;4430406132;PR;MARINGA
14.002.512/0001-00;ASSOCIACAO DOS PROPRIETARIOS DE VEICULOS DE TRANSPORTE DE CARGAS DE CAMPO LARGO;4130324030;PR;CAMPO LARGO
05.730.933/0001-58;ASSOCIACAO GA - GRUPO ASTORGA;4432347575;PR;ASTORGA
31.977.907/0001-39;ASSOCIACAO MUTUA DE BENEFICIOS DE PONTA GROSSA;4230893151;PR;PONTA GROSSA
59.748.792/0001-20;ASSOCIACAO PROVECAR PROTECAO VEICULAR;4130702747;PR;FAZENDA RIO GRANDE
56.157.987/0001-07;ASSOCIACAO S.O.S AUTO CLUBE DE BENEFICIOS;41997614195;PR;COLOMBO
27.633.685/0001-60;ASSOCIACAO UNIAO DOS TRANSPORTADORES DE CARGAS DO PARANA - UNIAO;4430145151;PR;MARIALVA
19.525.342/0001-53;ATC - UNIAO DE ASSOCIADOS TRANSPORTADORES DE CARGAS;4332757671;PR;ARAPONGAS
53.483.544/0001-18;ATI - ASSOCIACAO DE TRANSPORTADORES IGUARACU;44998692220;PR;IGUARACU
51.830.975/0001-88;ATMPR - ASSOCIACAO DOS TRANPORTES MEDIOS DO PARANA;46999240222;PR;RENASCENCA
05.104.156/0001-36;ATRAM - ASSOCIACAO DOS TRANSPORTADORES RODOVIARIOS AUTONOMOS DE MARMELEIRO;46999740262;PR;MARMELEIRO
50.120.060/0001-16;ATRSP - ASSOCIACAO DE TRANSPORTES RODOVIARIOS DO SUDOESTE DO PARANA;4635252819;PR;MARMELEIRO
34.643.771/0001-19;FORZA - ASSOCIACAO DE BENEFICIOS E PROTECAO PATRIMONIAL;43999579717;PR;LONDRINA
44.567.200/0001-04;INCLUIR BRASIL ASSOCIACAO DE BENEFICIOS;43991340857;PR;LONDRINA
42.283.805/0001-30;LIDER SAT ASSOCIACAO DE PROTECAO PATRIMONIAL;44991571814;PR;SARANDI
02.923.945/0001-00;POTENCIAL BRASIL TRUCK CLUBE DE BENEFICIOS;4132767787;PR;CURITIBA
32.709.577/0001-63;PRO PARANA - ASSOCIACAO DE BENEFICIOS DO PARANA;48991481823;PR;CURITIBA
35.532.606/0001-52;PROGRESSIVA - ASSOCIACAO DE PROTECAO E ASSISTENCIA VEICULAR;41988561727;PR;CURITIBA
61.158.936/0001-30;PROJOI - ASSOCIACAO DE PROTECAO VEICULAR;4735090936;PR;CAMPO MAGRO
41.218.480/0001-49;TRIO CLUBE DE BENEFICIOS LESTE DE MINAS E NORTE DO PARANA;33987239745;PR;LONDRINA
33.849.625/0001-81;UNIVERSAL BENEFICIOS - ASSOCIACAO MUTUA DE BENEFICIOS;4140429748;PR;CURITIBA
40.902.817/0001-70;21GO - ASSOCIACAO DE PROTECAO PATRIMONIAL MUTUALISTA;2141067021;RJ;RIO DE JANEIRO
27.561.171/0001-46;ALAMO ASSOCIACAO DE ASSISTENCIA E BENEFICIOS;21967024230;RJ;RIO DE JANEIRO
23.701.742/0001-40;ALPHA MUTUAL ASSOCIACAO DE BENEFICIOS E PROTECAO PATRIMONIAL;2135022004;RJ;RIO DE JANEIRO
53.186.878/0001-20;ALTERNATIVA ASSOCIACAO DE PROTECAO VEICULAR E BENEFICIOS MUTUOS;2422554175;RJ;TRES RIOS
34.486.017/0001-12;ASSOCIACAO BALPREST BRASIL PROTECAO VEICULAR;22999133062;RJ;SAO PEDRO DA ALDEIA
13.414.600/0001-48;ASSOCIACAO DE BENEFICIOS MUTUOS DOS AMIGOS DO RIO DE JANEIRO - ASSORIO;2133697703;RJ;RIO DE JANEIRO
49.301.527/0001-45;ASSOCIACAO DE PROTECAO PATRIMONIAL - PERSONALITE;2138257925;RJ;RIO DE JANEIRO
58.388.150/0001-02;ASSOCIACAO DE PROTECAO VEICULAR AVANCE CLUBE DE BENEFICIOS;2131954847;RJ;NOVA IGUACU
24.883.500/0001-87;ASSOCIACAO DE PROTECAO VEICULAR DE BARRA DO PIRAI;2424420839;RJ;BARRA DO PIRAI
42.013.126/0001-40;ASSOCIACAO EXODUS BENEFICIOS;2126693109;RJ;NOVA IGUACU
45.518.857/0001-36;ASSOCIACAO FLASHCAR CLUBE DE BENEFICIOS;21970155840;RJ;DUQUE DE CAXIAS
40.107.558/0001-95;ASSOCIACAO ION PROTECAO VEICULAR;21964439788;RJ;RIO DE JANEIRO
21.426.298/0001-76;ASSOCIACAO MAGNAVITA DE PROTECAO VEICULAR E DE BENEFICIOS MUTUOS DO ESTADO DO RIO DE JANEIRO;2134353630;RJ;RIO DE JANEIRO
53.603.653/0001-21;ASSOCIACAO OPTIMUS CLUBE DE BENEFICIOS MUTUOS;21965084405;RJ;NOVA IGUACU
19.438.850/0001-02;ASSOCIACAO PODIUM CLUBE DE BENEFICIOS;2131972811;RJ;RIO DE JANEIRO
47.148.113/0001-00;ASSOCIACAO PROTECAO MAIS VEICULAR;21964998621;RJ;RIO DE JANEIRO
58.579.544/0001-30;ASSOCIACAO PROTEGE + BENEFICIOS;21965008777;RJ;RIO DE JANEIRO
31.471.486/0001-70;ASSOCIACAO SOLUCOES MAIS ASSISTENCIA & BENEFICIOS;22997880559;RJ;MACAE
28.092.477/0001-63;ASSOCIACAO SUDESTE DE BENEFICIOS MUTUOS;2122521855;RJ;TRES RIOS
36.030.288/0001-94;AUTO VIVO RECREIO SOCORRO MUTUO;2126560975;RJ;RIO DE JANEIRO
37.209.378/0001-00;AUTOVERSATIL CLUBE DE BENEFICIOS MUTUOS;2130038429;RJ;NITEROI
42.931.833/0001-16;BGR ASSOCIACAO DE BENEFICIOS;2140033778;RJ;NOVA IGUACU
42.741.641/0001-47;CARLIDER ASSOCIACAO DE BENEFICIOS E PROTECAO VEICULAR;21981211144;RJ;DUQUE DE CAXIAS
53.519.894/0001-97;CCB-CONCEPT MAIS CLUBE DE BENEFICIOS RIO DE JANEIRO;2132176837;RJ;RIO DE JANEIRO
19.036.012/0001-02;CLUBE NACIONAL DE BENEFICIOS MUTUOS RV PROTECAO VEICULAR;2127057644;RJ;NITEROI
39.875.264/0001-24;CONFIDENCE CLUBE DE BENEFICIOS MUTUOS;21995911881;RJ;RIO DE JANEIRO
42.602.611/0001-50;CSPV BENEFICIOS E PROTECAO PATRIMONIAL MUTUALISTA;2126611513;RJ;BELFORD ROXO
51.723.499/0001-04;ELITTE CAR ASSOCIACAO DE SOCORROS MUTUOS PATRIMONIAL E BENEFICIOS;2126686545;RJ;NOVA IGUACU
26.746.158/0001-07;ESSENCIAL ASSOCIACAO E CLUBE DE BENEFICIOS;21985122097;RJ;DUQUE DE CAXIAS
36.533.385/0001-08;FIDALGO ASSOCIACAO DE BENEFICIOS;21991922823;RJ;DUQUE DE CAXIAS
47.235.150/0001-48;FIT CAR ABM- ASSOCIACAO DE BENEFICIOS MUTUOS;21996026948;RJ;NITEROI
17.624.808/0001-42;GENESIS - ASSOCIACAO DE PROTECAO PATRIMONIAL MUTUALISTA;2126720078;RJ;DUQUE DE CAXIAS
56.503.408/0001-30;GENIAL BENEFICIOS CLUBE - GRUPO DE PROTECAO PATRIMONIAL MUTUALISTA;2121470043;RJ;RIO DE JANEIRO
20.515.753/0001-47;GLOBAL - CLUBE DE BENEFICIOS DO BRASIL;2131436489;RJ;RIO DE JANEIRO
31.009.201/0001-83;GOLD ASSOCIACAO DE BENEFICIOS MUTUOS;1142301212;RJ;BELFORD ROXO
45.764.341/0001-71;IDEAL ASSISTENCIA CLUBE DE BENEFICIOS;21971900101;RJ;NOVA IGUACU
51.867.417/0001-97;IMPACTO AUTO PROTECT;27998489129;RJ;RIO DE JANEIRO
41.743.015/0001-27;KING - ASSOCIACAO DE APOIO AOS PROPRIETARIOS E MOTORISTAS DE VEICULO AUTOMOTOR;21970340548;RJ;BARRA DO PIRAI
55.491.068/0001-02;LEGACY ASSOCIACAO DE ASSISTENCIA DE SOCORROS MUTUOS PATRIMONIAL E BENEFICIOS;21986623295;RJ;NOVA IGUACU
42.894.270/0001-33;LEGADO ASSOCIACAO DE BENEFICIOS;2141114240;RJ;RIO DE JANEIRO
44.654.238/0001-06;MAIS BRASIL ABSOLUTE CLUBE DE BENEFICIOS E AJUDA MUTUA;2231990104;RJ;ARARUAMA
46.134.936/0001-06;MAISRIO ASSOCIACAO DE APOIO AOS PROPRIETARIOS E MOTORISTAS AUTONOMOS DE VEICULOS DA REGIAO METROPOLITANA DO ESTADO DO RIO DE JANEIRO;2134498090;RJ;RIO DE JANEIRO
20.731.684/0001-09;MAXX CLUBE DE BENEFICIOS DO BRASIL;2135500773;RJ;RIO DE JANEIRO
42.987.830/0001-02;MODERNA - ASSOCIACAO DE APOIO AOS PROPRIETARIOS E MOTORISTAS AUTONOMOS DE VEICULOS DA ZONA OESTE;21999631012;RJ;RIO DE JANEIRO
54.785.446/0001-06;MOOVE BENEFICIOS;21983685528;RJ;RIO DE JANEIRO
35.171.911/0001-66;MUDE ASSOCIACAO DE ASSISTENCIA DE SOCORROS MUTUOS PATRIMONIAL E BENEFICIOS;2122081526;RJ;RIO DE JANEIRO
50.565.047/0001-70;MUITO MAIS CLUBE DE BENEFICIOS;21988178812;RJ;RIO DE JANEIRO
38.090.936/0001-23;MURRAY PROTECAO PATRIMONIAL MUTUALISTA;2134627970;RJ;RIO DE JANEIRO
28.286.429/0001-06;NACIOCAR ASSOCIACAO DE BENEFICIOS MUTUOS DO ESTADO DO RIO DE JANEIRO;2132839556;RJ;RIO DE JANEIRO
60.300.038/0001-01;NOVA RIO ASSOCIACAO DE BENEFICIOS;21994285489;RJ;RIO DE JANEIRO
18.771.232/0001-09;OTIMA OPCAO ASSOCIACAO DE BENEFICIOS DO RIO DE JANEIRO;2122294499;RJ;RIO DE JANEIRO
35.880.445/0001-98;PACTO PROTECAO ASSOCIACAO DE BENEFICIOS MUTUOS;3133242474;RJ;RIO DE JANEIRO
22.368.755/0001-86;PATRIAUTO ASSOCIACAO DE BENEFICIOS;2130829340;RJ;RIO DE JANEIRO
18.084.528/0001-51;PRIME ASSOCIACAO DE PROTECAO PATRIMONIAL MUTUALISTA;21994551000;RJ;RIO DE JANEIRO
42.629.268/0001-37;PRIVILEGIOS CLUBE DE BENEFICIOS DO BRASIL;2123913090;RJ;NOVA IGUACU
37.289.406/0001-46;PRIX CLUBE DE BENEFICIOS;2132983535;RJ;RIO DE JANEIRO
45.527.615/0001-09;PRONOBRE ASSOCIACAO DE PROTECAO VEICULAR;21975193459;RJ;NOVA IGUACU
54.265.599/0001-14;RELIANCE ASSOCIACAO DE BENEFICIOS MUTUOS;21974568788;RJ;RIO DE JANEIRO
29.022.156/0001-55;RIO BEM ASSOCIACAO DE PROTECAO PATRIMONIAL MUTUALISTA;2124352176;RJ;RIO DE JANEIRO
54.774.661/0001-01;RIO GUARD BENEFICIOS;2140404033;RJ;RIO DE JANEIRO
41.473.181/0001-50;RIO SAFE ASSOCIACAO DE BENEFICIOS MUTUOS;2125921094;RJ;RIO DE JANEIRO
52.916.704/0001-02;RIO VAMOS ASSOCIACAO DE BENEFICIOS MUTUOS;2127716385;RJ;RIO DE JANEIRO
31.736.885/0001-15;ROMA ASSOCIACAO DE PROTECAO E BENEFICIO AO PROPRIETARIO DE VEICULOS;21994649508;RJ;RIO DE JANEIRO
55.845.241/0001-23;TAXI FORT ASSOCIACAO MUTUALISTA DE AUTOGESTAO PATRIMONIAL;21970458819;RJ;RIO DE JANEIRO
32.925.990/0001-65;UNICAR PROTECAO PATRIMONIAL MUTUALISTA;21964428822;RJ;RIO DE JANEIRO
50.922.474/0001-69;UTIL ASSOCIACAO DE PROTECAO VEICULAR;21995700813;RJ;RIO DE JANEIRO
60.438.221/0001-78;UTIL MAIS CLUBE DE BENEFICIOS;21965966495;RJ;RIO DE JANEIRO
57.983.977/0001-93;VAMOS CLUBE DE BENEFICIOS MUTUOS;21964906188;RJ;TRES RIOS
45.999.832/0001-00;VIP AUTO ASSOCIACAO DE TRANSPORTES E BENEFICIOS MUTUOS;21981851697;RJ;RIO DE JANEIRO
47.341.348/0001-06;W8 BRASIL ASSOCIACAO DE SOCORRO MUTUO;2135125061;RJ;RIO DE JANEIRO
51.671.112/0001-05;ZAION PROTECAO VEICULAR;2137437007;RJ;NOVA IGUACU
33.867.016/0001-55;ZEN CLUBE DE BENEFICIOS;21964016008;RJ;NITEROI
40.102.893/0001-09;3AUTO PROTECAO VEICULAR;8440420869;RN;NATAL
23.688.620/0001-60;ABBAAM ASSOCIACAO BRASILEIRA DE BENEFICIOS ASSISTENCIA E AMPARO MUTUO;84999848789;RN;NATAL
43.596.247/0001-25;AGILIZI CLUBE DE BENEFICIOS;84988942311;RN;MOSSORO
54.202.363/0001-39;ASSOCIACAO DE BENEFICIOS NOSSA PROTECAO;84992156798;RN;SAO JOSE DE MIPIBU
46.894.913/0001-08;ASSOCIACAO DE PROTECAO E BENEFICIO AO PROPRIETARIO DE VEICULO - REI PROTEGE;84988707297;RN;MOSSORO
59.208.734/0001-03;ASSOCIACAO DE SOCORRO MUTUO ALIANZE;8134533453;RN;TOUROS
23.238.501/0001-06;ASSOCIACAO MOSSOROENSE DE PROTECAO VEICULAR;84996526822;RN;MOSSORO
48.942.099/0001-77;ASSOCIACAO POTIGUAR PROTENZE DE BENEFICIOS E SOCORRO MUTUO;84992028292;RN;TOUROS
45.583.579/0001-09;ASSOCIACAO SIGGA DE PROTECAO PATRIMONIAL;84996528769;RN;MOSSORO
21.213.550/0001-69;REALPREV PROTECAO MUTUALISTA;8433215628;RN;MOSSORO
42.857.173/0001-70;SIGA PLUS ASSOCIADOS;84988032563;RN;PARNAMIRIM
55.190.536/0001-09;ADOCAR - ASSOCIACAO DOS DONOS DE CARROS ANTIGOS E NOVOS DE RO;69999952825;RO;VILHENA
47.306.149/0001-67;AKI PROTECAO VEICULAR;69992128706;RO;PORTO VELHO
47.880.769/0001-05;ASSOCIACAO DE PROTECAO VEICULAR AGUIA NORTE;69984751315;RO;VILHENA
54.372.634/0001-02;GETRACKER PROTECAO PATRIMONIAL;69984212552;RO;CACOAL
35.224.050/0001-37;HEMISSUL- ASSOCIACAO DE PROTECAO PATRIMONIAL MUTUALISTA;9532242249;RR;BOA VISTA
11.921.297/0001-44;ABC ASSOCIACAO BRASILEIRA DE CAMINHONEIROS;5433551633;RS;IBIRAIARAS
10.611.980/0001-12;APROCAPEL - ASSOCIACAO DOS PROPRIETARIOS DE CAMINHOES DE PELOTAS E REGIAO;5332232576;RS;PELOTAS
07.592.501/0001-53;ASSOCIACAO COORAL DE TRANSPORTADORES;5433421411;RS;MARAU
32.150.885/0001-00;ASSOCIACAO DE BENEFICIOS MUTUOS DO RIO GRANDE DO SUL RS CLUBE;5134165775;RS;CAPAO DA CANOA
27.230.154/0001-26;ASSOCIACAO DE CAMINHONEIROS CENTRO SERRA;5432911535;RS;SAO MARCOS
31.881.631/0001-90;ASSOCIACAO DE PROTECAO AO TRANSPORTE DE CARGAS - APTC;54999604266;RS;PASSO FUNDO
65.870.929/0001-17;ASSOCIACAO DE PROTECAO DAS EMPRESAS DE TRANSPORTES DE CARGAS;54984326134;RS;PASSO FUNDO
42.150.464/0001-24;ASSOCIACAO DE PROTECAO E BENEFICIOS;5136008869;RS;TAQUARA
10.806.793/0001-94;ASSOCIACAO DE TRANSPORTADORES DE SAO MARCOS - ASTRA;5432912599;RS;SAO MARCOS
92.965.748/0001-47;ASSOCIACAO DOS JUIZES DO RIO GRANDE DO SUL;5132849100;RS;PORTO ALEGRE
55.810.090/0001-78;ASSOCIACAO DOS MOTORISTAS AUTONOMOS DO TRANSPORTE RODOVIARIO DE CARGAS DO SUL;4833560943;RS;SAO MARCOS
07.425.099/0001-12;ASSOCIACAO DOS MOTORISTAS E INQUILINOS DO BRASIL - AMIB;54981142080;RS;ERECHIM
15.733.639/0001-53;ASSOCIACAO DOS PROPRIETARIOS DE CAMINHOES DE CRISTAL E REGIAO- APCC;5136781025;RS;CRISTAL
27.172.682/0001-76;ASSOCIACAO DOS TRANSPORTADORES DE CARGAS G2;5433425581;RS;PASSO FUNDO
32.136.167/0001-70;ASSOCIACAO MUTUA DE BENEFICIOS DA SERRA GAUCHA;5432826397;RS;CANELA
50.018.882/0001-90;ASSOCIACAO PRIMORE DE PROTECAO VEICULAR;48999765839;RS;MARAU
47.268.894/0001-69;BEM PROTECAO VEICULAR ASSOCIACAO DE BENEFICIOS;5433272219;RS;PASSO FUNDO
58.114.426/0001-56;BRX PROTECAO VEICULAR;48996267170;RS;TRES CACHOEIRAS
24.271.535/0001-65;COOPERODA COOPERATIVA DE TRANSPORTES RODOVIARIOS DE CARGAS;5433131446;RS;PASSO FUNDO
58.355.366/0001-63;HELLP ASSOCIACAO DE BENEFICIOS E PROTECAO PATRIMONIAL MUTUALISTA;49999584946;RS;NONOAI
58.438.455/0001-73;PROSPERA - ASSOCIACAO DE BENEFICIOS;4831921196;RS;BOM PRINCIPIO
58.443.556/0001-32;PROTECSUL - ASSOCIACAO DE SOCORRO MUTUO DO BRASIL;54999357003;RS;CANELA
42.367.689/0001-37;RECUPERE ASSOCIACAO DE MUTUO BENEFICIO;5432521090;RS;VACARIA
34.403.891/0001-49;SERRANA ASSOCIACAO DE BENEFICIOS;5433034062;RS;CANELA
54.072.668/0001-73;TOPMAIS ASSOCIACAO MUTUALISTA DE BENEFICIOS;48991315333;RS;PORTO ALEGRE
36.552.203/0001-38;TRIAUTO PROTECAO VEICULAR;5137203429;RS;LAJEADO
35.589.158/0001-23;ABEVESUL ASSOCIACAO DE BENEFICIOS DO SUL;5436985434;SC;TUBARAO
27.486.235/0001-91;ADERE - ASSOCIACAO DE PROTECAO PATRIMONIAL MUTUALISTA;4834323093;SC;ICARA
38.799.467/0001-16;ALIADA ASSOCIACAO DE BENEFICIOS;48988147809;SC;TUBARAO
51.695.274/0001-83;ALTASUL PREMIUM - ASSOCIACAO MUTUA DE BENEFICIOS DE SANTA CATARINA;47991273219;SC;SAO JOSE
30.524.088/0001-01;ALTOVALE ASSOCIACAO DE MUTUO BENEFICIOS E PROTECAO VEICULAR;4733522772;SC;PRESIDENTE GETULIO
15.249.435/0001-41;ANTRAC - ASSOCIACAO NACIONAL DOS TRANSPORTADORES DE CARGAS;4933110500;SC;CHAPECO
38.101.286/0001-74;ASSOCIACAO DE AUTOGESTAO DE BENEFICIOS DOS MOTOCICLISTAS E MOTORISTAS DE SANTA CATARINA - ADASC MOTOS E BENEFICIOS;4830867300;SC;PALHOCA
21.145.682/0001-09;ASSOCIACAO DE BENEFICIOS;4837006019;SC;TUBARAO
47.475.914/0001-72;ASSOCIACAO DE BENEFICIOS DA SAUDE E SEGURANCA;48999767101;SC;TUBARAO
52.111.251/0001-47;ASSOCIACAO DE BENEFICIOS DE BLUMENAU E REGIAO SUPERAVI;4732853432;SC;BLUMENAU
34.071.630/0001-79;ASSOCIACAO DE BENEFICIOS DO ALTO VALE DO ITAJAI;4733000933;SC;RIO DO SUL
32.437.671/0001-00;ASSOCIACAO DE BENEFICIOS DO OESTE CATARINENSE - APROEST ASSOCIACAO DE BENEFICIOS;4935661857;SC;VIDEIRA
27.847.427/0001-86;ASSOCIACAO DE BENEFICIOS E PROTECAO VEICULAR DE SANTA CATARINA;48988056260;SC;SAO LUDGERO
34.046.517/0001-33;ASSOCIACAO DE BENEFICIOS JAGUAR;4836240204;SC;JAGUARUNA
48.343.196/0001-43;ASSOCIACAO DE BENEFICIOS MUTUOS DE AMIGOS;48991310879;SC;LAGUNA
48.656.690/0001-68;ASSOCIACAO DE BENEFICIOS SALLUS;4836600245;SC;TUBARAO
40.136.762/0001-34;ASSOCIACAO DE BENEFICIOS SUL MOTORS;48991365944;SC;CAPIVARI DE BAIXO
47.009.787/0001-16;ASSOCIACAO DE CRIADORES E PROPRIETARIOS DE CAES E GATOS;48998291000;SC;TUBARAO
21.024.824/0001-71;ASSOCIACAO DE PROTECAO DO VALE -APROVALE;4836322004;SC;BRACO DO NORTE
50.182.163/0001-00;ASSOCIACAO DE PROTECAO MUTUALISTA AUTO EXCELENCIA;47997552580;SC;SAO FRANCISCO DO SUL
50.198.575/0001-39;ASSOCIACAO DE PROTECAO PATRIMONIAL MUTUALISTA AMASC;48992086778;SC;IMBITUBA
59.122.726/0001-40;ASSOCIACAO DE USUARIOS DE ENERGIAS RENOVAVEIS;47984143966;SC;SANTA TEREZINHA
15.317.729/0001-63;ASSOCIACAO DOS AMIGOS DE SANTA CATARINA;4834665150;SC;ORLEANS
22.177.277/0001-27;ASSOCIACAO DOS AMIGOS DO NORTE DO ESTADO DE SANTA CATARINA;4732789878;SC;JOINVILLE
09.059.844/0001-82;ASSOCIACAO DOS PROPRIETARIOS DE CAMINHOES DE SANTA ROSA DO SUL E REGIAO - APROCASUL;4835341490;SC;SANTA ROSA DO SUL
13.698.408/0001-20;ASSOCIACAO DOS PROPRIETARIOS DE CAMINHOES DO BRASIL - APROSIL;4836320020;SC;TUBARAO
25.195.208/0001-34;ASSOCIACAO DOS PROPRIETARIOS DE VEICULOS POPULARES DA REGIAO METROPOLITANA DE TUBARAO;4830533130;SC;TUBARAO
32.332.000/0001-85;ASSOCIACAO DOS TRANSPORTADORES AMIGOS DO SUL - ATASUL;49999037415;SC;XAXIM
07.677.968/0001-04;ASSOCIACAO DOS TRANSPORTADORES DE CARGA EM GERAL DE CONCORDIA E ALTO URUGUAI CATARINENSE;4934449855;SC;CONCORDIA
07.998.326/0001-07;ASSOCIACAO DOS TRANSPORTADORES DE VIDEIRA E REGIAO;4935660080;SC;VIDEIRA
30.785.269/0001-91;ASSOCIACAO E CLUBE DE BENEFICIOS DOS PROPRIETARIOS DE CAMINHOES DA MARCA IVECO;4836242199;SC;JAGUARUNA
52.279.606/0001-01;ASSOCIACAO FLEXIAUTO PROTECAO VEICULAR;4920240800;SC;CHAPECO
43.279.958/0001-76;ASSOCIACAO IDEAL SUL DE BENEFICIOS;48996171948;SC;PALHOCA
34.089.461/0001-02;ASSOCIACAO MUTUA DE AUTO REGULACAO;4830288460;SC;SAO JOSE
31.700.159/0001-42;ASSOCIACAO MUTUA DE BENEFICIOS DE SANTA CATARINA SC CLUBE;4730503101;SC;CAMBORIU
52.455.411/0001-75;ASSOCIACAO MUTUA DE BENEFICIOS DOS PROPRIETARIOS DE VEICULOS DE SANTA CATARINA;4834134495;SC;SAO JOSE
32.862.038/0001-60;ASSOCIACAO MUTUALISTA DE AUTOGESTAO;4830582212;SC;SAO JOSE
28.820.227/0001-00;ASSOCIACAO MUTUALISTA DE BENEFICIOS DE SANTA CATARINA - AMBESC;4732880012;SC;BLUMENAU
30.697.618/0001-13;ASSOCIACAO PRIME SUL;4830536868;SC;TUBARAO
48.964.532/0001-75;ASSOCIACAO REGIONAL SULISTA DE MUTUALISMO;48988416533;SC;SAO JOSE
39.765.416/0001-36;ASSOCIACAO VIVA BENEFICIOS;4831920180;SC;TREZE DE MAIO
34.968.119/0001-74;ASULBRAT ASSOCIACAO SUL BRASILEIRA DE TRANSPORTADORES;4831920990;SC;TUBARAO
36.964.979/0001-65;AUTOPRO SUL BENEFICIOS;48998474702;SC;ARARANGUA
24.290.573/0001-65;CAPITAL - ASSOCIACAO DE PROPRIETARIOS DE VEICULOS;4832479526;SC;SAO JOSE
50.755.534/0001-04;CLUBE SUDESC - ASSOCIACAO DE BENEFICIOS;48999828388;SC;SAO JOSE
24.027.296/0001-00;CONFIANCA ASSOCIACAO DE BENEFICIOS;4836327557;SC;TUBARAO
47.951.913/0001-57;FERA PROTECAO VEICULAR;48999506930;SC;TUBARAO
04.948.491/0001-58;GRUPO GRANDE OESTE PROTECAO PATRIMONIAL MUTUALISTA;4930262222;SC;CHAPECO
34.427.445/0001-74;HORIZONTE BENEFICIOS ASSOCIACAO MUTUA DE BENEFICIOS;4731703813;SC;POMERODE
51.982.647/0001-05;IDEAL BENEFICIOS E SOCORRO MUTUO;47997053131;SC;JOINVILLE
32.775.260/0001-25;INOVA - ASSOCIACAO DE BENEFICIOS;4830561100;SC;CRICIUMA
37.282.729/0001-08;LONDON PROTECAO PATRIMONIAL MUTUALISTA;4932400210;SC;LAGES
47.684.858/0001-86;MAIS PROSUL - PROTECAO VEICULAR;48996120910;SC;JARAGUA DO SUL
52.160.674/0001-57;MOVA ASSOCIACAO DE BENEFICIOS E PROTECAO PATRIMONIAL MUTUALISTA;48999281689;SC;ICARA
37.798.505/0001-53;NOVA MUTUA CLUBE DE BENEFICIOS E ASSISTENCIA;47991950360;SC;BLUMENAU
37.319.011/0001-49;ONE CAR ASSOCIACAO CLUBE DE BENEFICIOS VEICULAR;48996500706;SC;PALHOCA
47.488.700/0001-30;PROSERV PROTECAO VEICULAR E ASSOCIACAO MUTUA DE BENEFICIOS DE SANTA CATARINA;4732243587;SC;ITAJAI
30.216.471/0001-00;PROSUL-ASSOCIACAO DE PROTECAO PATRIMONIAL MUTUALISTA E BENEFICIOS;4831910400;SC;TUBARAO
41.190.027/0001-71;PROTEFORT ASSOCIACAO DE BENEFICIOS E PROTECAO VEICULAR;48991457544;SC;BIGUACU
36.372.091/0001-33;PROTEGE- ASSOCIACAO DE PROTECAO PATRIMONIAL MUTUALISTA;4830524352;SC;TUBARAO
35.555.930/0001-96;PROTEGER ASSOCIACAO DE PROTECAO PATRIMONIAL MUTUALISTA;4730110320;SC;CONCORDIA
43.778.151/0001-88;QUATRO RODAS ASSOCIACAO DE PROTECAO PATRIMONIAL MUTUALISTA E CLUBE DE BENEFICIOS;4836281463;SC;BRACO DO NORTE
39.556.021/0001-23;ROTASUL ASSOCIACAO MUTUALISTA DE BENEFICIOS E PROTECAO VEICULAR;4831920190;SC;TUBARAO
43.038.650/0001-39;SANTA BENEFICIOS E SOCORRO MUTUO;48998024033;SC;CONCORDIA
42.953.656/0001-79;SHIELD CAR ASSOCIACAO;4836604848;SC;JOINVILLE
41.504.188/0001-92;SIGA BEM PROTECAO VEICULAR;4933534977;SC;XAXIM
36.344.611/0001-02;SKYBER ASSOCIACAO DE MUTUO BENEFICIO E PROTECAO VEICULAR;47996497484;SC;TUBARAO
33.770.685/0001-04;SMARTT - ASSOCIACAO DE BENEFICIOS E PROTECAO VEICULAR;4831910366;SC;TUBARAO
30.056.292/0001-45;SUDESC ASSOCIACAO DE BENEFICIOS E SOCORRO MUTUO DA GRANDE FLORIANOPOLIS;4833752001;SC;SAO JOSE
32.956.721/0001-66;SUL ASSOCIACAO DE AUTOGESTAO DE BENEFICIOS E PROTECAO VEICULAR E FAMILIAR;48996899307;SC;TUBARAO
30.016.954/0001-53;UNIBEN ASSOCIACAO DE BENEFICIOS;4836260981;SC;TUBARAO
42.606.779/0001-33;VIAPREV ASSOCIACAO DE PROTECAO VEICULAR;48991226911;SC;RIO FORTUNA
32.702.555/0001-71;VISAO ASSOCIACAO DE MUTUO, BENEFICIOS E PROTECAO VEICULAR;48999724014;SC;JARAGUA DO SUL
29.385.730/0001-30;ASSOCIACAO DE BENEFICIOS MUTUOS DOS MOTOCICLISTA DE SERGIPE - ABMMS;79999578209;SE;LAGARTO
20.508.055/0001-14;ASSOCIACAO DE PROTECAO PATRIMONIAL MUTUALISTA AOS MOTOCICLISTA E MOTOTAXISTA DE ARACAJU;7930239575;SE;ARACAJU
27.181.115/0001-86;ASSOCIACAO DE PROTECAO PATRIMONIAL MUTUALISTA SERGIPANA;8235212902;SE;ARACAJU
36.210.017/0001-10;ASSOCIACAO DE PROTECAO VEICULAR INOVARE;79999073842;SE;ARACAJU
33.161.608/0001-57;ASSOCIACAO DE SOCORRO MUTUO DO AGRESTE DE SERGIPE;79999544321;SE;ITABAIANA
49.969.106/0001-97;ASSOCIACAO DE SOCORRO MUTUO, PROTECAO PATRIMONIAL E CLUBE DE BENEFICIOS EXECUTIVA;79996387563;SE;ARACAJU
48.649.852/0001-30;ASSOCIACAO E CLUBE DE SOCORRO MUTUO AOS PROPRIETARIOS DE VEICULOS;7930212567;SE;ARACAJU
33.374.506/0001-10;ASSOCIACAO SERGICLUBE.MAIS DE PROTECAO PATRIMONIAL;79996434475;SE;ARACAJU
30.320.836/0001-34;ASSOCIACAO SERGIPANA DOS MOTORISTAS AUTONOMOS POR APLICATIVO - ASMAA;79998188645;SE;BARRA DOS COQUEIROS
48.650.662/0001-33;AUTOMASTER ASSOCIACAO DE SOCORRO MUTUO E BENEFICIOS;79998175508;SE;NOSSA SENHORA DAS DORES
55.758.444/0001-82;MASTER AUTOS E TRUCK PROTECAO PATRIMONIAL MUTUALISTA;79999999999;SE;ARACAJU
57.322.886/0001-07;SIGA PRIME CLUBE DE BENEFICIOS;81995251291;SE;ARACAJU
30.981.365/0001-05;TOTAL MOTOS CAR PROTECAO PATRIMONIAL;7930230818;SE;ARACAJU
23.483.476/0001-26;A.C.TRANS DO BRASIL - ASSOCIACAO DOS CARRETEIROS E TRANSPORTADORES DO BRASIL;1138057169;SP;SAO PAULO
11.006.336/0001-88;ACONTRANS ASSOCIACAO DOS CONDUTORES E TRANSPORTADORES;1127295090;SP;SAO PAULO
22.988.203/0001-70;ACONTRANS/SP - ASSOCIACAO DOS CONDUTORES E TRANSPORTADORES /SP;1122156565;SP;SAO PAULO
30.810.424/0001-82;ASREC - ASSOCIACAO REGIONAL DOS PROPRIETARIOS DE CAMINHOES;1732255046;SP;SAO JOSE DO RIO PRETO
54.383.622/0001-75;ASSOCIA BRASIL PROTECAO PATRIMONIAL MUTUALISTA;3121801990;SP;SAO PAULO
18.336.260/0001-06;ASSOCIACAO BRASILEIRA DE ASSISTENCIA AO CAMINHONEIRO - ABRASCAM;1122015150;SP;SAO PAULO
29.613.444/0001-84;ASSOCIACAO BRASILEIRA DE BENEFICIOS E PROTECAO CONTRA PERDAS FINANCEIRAS;1236311929;SP;TAUBATE
45.943.069/0001-97;ASSOCIACAO CASAGRANDE PROTECAO PATRIMONIAL MUTUALISTA;11996938972;SP;SANTO ANDRE
50.795.845/0001-99;ASSOCIACAO DE GERENCIAMENTO VEICULAR NACIONAL;1141027221;SP;SAO PAULO
10.588.807/0001-40;ASSOCIACAO DE PROTECAO AO CAMINHONEIRO - APROCAM;1131298768;SP;SANTOS
46.466.878/0001-18;ASSOCIACAO DE PROTECAO E BENEFICIO AO PROPRIETARIO DE VEICULOS - BEEP PROTECAO VEICULAR;1146753418;SP;SAO PAULO
45.151.242/0001-14;ASSOCIACAO DE PROTECAO E BENEFICIOS AOS TRABALHADORES DO BRASIL - APTB;1153237944;SP;SAO PAULO
29.407.831/0001-64;ASSOCIACAO DE PROTECAO PATRIMONIAL MUTUALISTA DOS FUNCIONARIOS DA INDUSTRIA E COMERCIO DO ESTADO DE SAO PAULO;1142000837;SP;JUNDIAI
28.517.452/0001-64;ASSOCIACAO DE PROTECAO PATRIMONIAL, SOCORRO MUTUO E PECULIO AOS TRABALHADORES DE SAO PAULO - NOVA PROTECAO;1132302729;SP;SAO PAULO
54.165.567/0001-47;ASSOCIACAO DE PROTECAO VEICULAR DE SAO PAULO - APV-SP;1129446895;SP;SAO PAULO
42.283.720/0001-51;ASSOCIACAO DE SOCORRO MUTUO KHEPER;19993724949;SP;PAULINIA
51.421.328/0001-12;ASSOCIACAO DE SOCORRO MUTUO PAULISTA;1735255500;SP;CATANDUVA
31.313.990/0001-41;ASSOCIACAO DOS CAMINHONEIROS DE PRESIDENTE PRUDENTE ACPP;18996441900;SP;PRESIDENTE PRUDENTE
50.817.523/0001-01;ASSOCIACAO DOS CEGONHEIROS DO BRASIL ACEG BR;1143476080;SP;SAO BERNARDO DO CAMPO
56.422.244/0001-17;ASSOCIACAO DOS EMPREENDEDORES INDIVIDUAIS TRANSPORTADORES DE CARGA;11986370002;SP;GUARULHOS
08.957.990/0001-62;ASSOCIACAO DOS TRANSPORTADORES DE CARGAS DO NOROESTE PAULISTA - ASTRAU;17991922502;SP;URUPES
48.048.974/0001-71;ASSOCIACAO MEGA SISTEM PROTECAO VEICULAR;1122270296;SP;SAO BERNARDO DO CAMPO
55.270.174/0001-66;ASSOCIACAO SAVANA TRUCK;1140474748;SP;BARUERI
41.621.173/0001-04;ASSOTRANS SP CLUBE DE APOIO AOS CONDUTORES DE TRANSPORTE DE CARGA;1433139957;SP;BAURU
58.327.762/0001-87;AUTOSEG PROTECAO VEICULAR;12988020463;SP;SAO JOSE DOS CAMPOS
61.101.009/0001-83;BRASBEN PROTECAO PATRIMONIAL MUTUALISTA;11974688324;SP;SAO PAULO
34.364.352/0001-48;CLUBE DE PROTECAO PATRIMONIAL MUTUALISTA;1145108887;SP;CATANDUVA
49.995.133/0001-34;COMET BENEFICIOS;1123748329;SP;SAO BERNARDO DO CAMPO
32.550.632/0001-15;DNA BRASIL PROTECAO PATRIMONAL MUTUALISTA;1137249440;SP;OSASCO
61.219.190/0001-27;ECO TRUCK - ASSOCIACAO DE PROTECAO PATRIMONIAL MUTUALISTA;16992206374;SP;RIBEIRAO PRETO
45.789.433/0001-06;EVVO PROTECAO PATRIMONIAL MUTUALISTA;31983767360;SP;SAO PAULO
43.943.743/0001-08;FOCO BRASIL CLUBE DE BENEFICIOS;3141012232;SP;CAMPINAS
49.926.036/0001-90;GR PRO BRASIL;1124484969;SP;SAO PAULO
34.486.052/0001-31;GRUPO GUARD BRASIL PROTECAO MUTUALISTA E BENEFICIOS;1239369065;SP;SAO JOSE DOS CAMPOS
51.643.749/0001-98;LIGA BENEFICIOS E SOCORRO MUTUO GRUPO DE PROTECAO PATRIMONIAL MUTUALISTA;11996392618;SP;SAO PAULO
43.347.093/0001-38;MOOV BENEFICIOS E SOCORRO MUTUO;19974146525;SP;CAMPINAS
40.568.384/0001-68;MOVICAR BRASIL - CLUBE DE BENEFICIOS E PROTECAO VEICULAR;1147580571;SP;MOGI DAS CRUZES
60.862.235/0001-14;OCEAN PROTECAO AUTOMOTIVA;61985720252;SP;SAO PAULO
56.934.866/0001-24;POSITIVA BENEFICIOS PROTECAO PATRIMONIAL MUTUALISTA;1126692230;SP;SANTO ANDRE
38.831.966/0001-43;PRIMESP PROTECAO MUTUA E BENEFICIOS;3134742584;SP;CAMPINAS
20.344.378/0001-10;SOMA SP ASSOCIACAO DE BENEFICIOS;1938871620;SP;HORTOLANDIA
55.770.599/0001-34;SPUTNIK PROTECAO VEICULAR;11960501691;SP;SAO PAULO
54.059.434/0001-96;STRADA SEG PROTECAO AUTOMOTIVA;13996992000;SP;PRAIA GRANDE
32.236.490/0001-16;SUPER AUTO ASSOCIACAO DE BENEFICIOS MUTUOS DOS BRASILEIROS;1147929282;SP;SAO PAULO
60.100.600/0001-53;SUPREME PROTECAO VEICULAR;71996533189;SP;BARUERI
42.410.926/0001-03;TESA ASSOCIADOS;1142269015;SP;SAO CAETANO DO SUL
45.750.914/0001-08;TORINO ASSOCIACAO DE PROTECAO E BENEFICIO AO PROPRIETARIO DE VEICULOS;1134562625;SP;SAO PAULO
48.672.212/0001-41;UNIPRO BENEFICIOS E PROTECAO PATRIMONIAL MUTUALISTA;62993338888;SP;SAO PAULO
61.706.550/0001-15;VELLIX BENEFICIOS E PROTECAO PATRIMONIAL MUTUALISTA;19974114112;SP;INDAIATUBA
59.241.649/0001-47;VETORYZE;91982749286;SP;BARUERI
33.129.169/0001-03;VIDE GRUPO DE PROTECAO PATRIMONIAL MUTUALISTA;19981253803;SP;SUMARE
29.658.779/0001-19;APROVEL ASSOCIACAO E CLUBE DE BENEFICIOS;6334762925;TO;COLINAS DO TOCANTINS
21.606.092/0001-28;ASSOCIACAO DE PROTECAO E ASSISTENCIA AUTOMOTIVA DO ESTADO DO TOCANTINS;6333125200;TO;PALMAS
45.687.561/0001-49;ASSOCIACAO DOS PROPRIETARIOS DE VEICULOS AUTOMOTORES - AUTOMAX;63992369916;TO;PALMAS
45.576.130/0001-05;ASSOCIACAO JF MUTUAL - PROTECAO VEICULAR;63999886810;TO;PALMAS
53.439.169/0001-09;MAIS APOIO - ASSOCIACAO DE ASSISTENCIA E BENEFICIOS MUTUOS AOS PROPRIETARIOS DE VEICULOS AUTOMOTORES DO TOCANTINS;63984116421;TO;PALMAS
46.138.743/0001-23;PROTEBAM PROTECAO VEICULAR;63981478899;TO;PALMAS
06.068.410/0001-50;PATER SEGUROS S.A.;8540059190;CE;FORTALEZA
63.552.802/0001-24;CONECTA SEGURADORA S.A;21988688540;DF;BRASILIA
27.053.230/0001-75;BANESTES SEGUROS SA;2733832857;ES;VITORIA
50.316.213/0001-03;SEGURADORA S.A. INFINITE;6232810382;GO;GOIANIA
17.188.350/0001-26;AUXILIADORA PREVIDENCIA;3132356500;MG;BELO HORIZONTE
50.180.527/0001-13;BP SEGURADORA S.A.;3130101030;MG;BELO HORIZONTE
29.981.685/0001-86;GNPP IMOVEIS S/A.;3135177553;MG;BELO HORIZONTE
43.505.273/0001-09;SPLIT RISK SEGURADORA S.A.;34998628972;MG;UBERLANDIA
18.133.809/0001-57;ANGELUS SEGUROS S/A;4430139350;PR;MARINGA
42.516.278/0001-66;CENTAURO VIDA E PREVIDENCIA S/A;4130190080;PR;CURITIBA
56.797.784/0001-85;ARCESP SEGURADORA SA;2122208119;RJ;RIO DE JANEIRO
19.630.496/0001-05;BESSO RE BRASIL CORRETORA DE RESSEGUROS LTDA;2122533334;RJ;RIO DE JANEIRO
15.138.043/0001-05;BRASILCAP CAPITALIZACAO S/A;2138042221;RJ;RIO DE JANEIRO
76.100.890/0001-75;CDI - CIA DE INVESTIMENTOS E PARTICIPACOES;2125310022;RJ;RIO DE JANEIRO
14.333.631/0001-37;COMPREV SEGURADORA SA;2125052040;RJ;RIO DE JANEIRO
45.887.171/0001-12;GUY CARPENTER & COMPANY CORRETORA DE RESSEGUROS LTDA.;2121030800;RJ;RIO DE JANEIRO
06.354.814/0001-00;INTER CORRETORA DE SEGUROS LTDA;2125122121;RJ;RIO DE JANEIRO
40.997.879/0001-02;SIMPLE2U SEGUROS S.A.;2137222200;RJ;RIO DE JANEIRO
95.619.003/0001-14;PREVIMIL VIDA E PREVIDENCIA S/A;2130771000;RJ;RIO DE JANEIRO
23.694.731/0001-80;SEGURADORA ALM S/ A;21992462813;RJ;RIO DE JANEIRO
44.019.198/0001-20;SINAF SEGUROS S.A.;2125330033;RJ;RIO DE JANEIRO
22.404.448/0001-03;TRUSTER BRASIL CORRETAGEM DE RESSEGUROS LTDA.;2135709524;RJ;RIO DE JANEIRO
38.155.804/0001-32;XS4 CAPITALIZACAO S.A.;2135016181;RJ;RIO DE JANEIRO
92.843.531/0001-64;ASPECIR PREVIDENCIA;5132281999;RS;PORTO ALEGRE
87.909.230/0001-56;EDEL SEGURADORA S/A;11998536510;RS;PORTO ALEGRE
29.985.998/0001-02;RIO GRANDE CAPITALIZACAO S.A.;2138243900;RS;PORTO ALEGRE
87.163.234/0001-38;SABEMI SEGURADORA SA;5131231900;RS;PORTO ALEGRE
55.843.756/0001-94;KAPAM SEGURADORA S.A.;48984040856;SC;FLORIANOPOLIS
29.846.286/0001-02;88I SEGURADORA DIGITAL S.A..;11996501888;SP;SAO PAULO
13.525.547/0001-52;AIG RESSEGUROS BRASIL S.A.;1138092121;SP;SAO PAULO
88.619.705/0001-32;SDB COMPANHIA DE SEGUROS GERAIS - FALIDO EM LIQUIDACAO;1131295667;SP;SAO PAULO
08.587.950/0001-76;ATRADIUS CREDITO Y CAUCION SEGURADORA S.A.;1131001100;SP;SAO PAULO
96.328.372/0001-10;AVS SEGURADORA S.A. - EM LIQUIDACAO;1133110135;SP;SAO PAULO
07.021.544/0001-89;BERKLEY INTERNATIONAL DO BRASIL SEGUROS S.A.;1138481646;SP;SAO PAULO
42.565.660/0001-60;BMS BRASIL CORRETORA DE RESSEGUROS LTDA.;21988175122;SP;SAO PAULO
30.453.728/0001-30;BRAZIL RE CORRETORA DE RESSEGUROS LTDA.;11994546222;SP;SAO PAULO
12.651.299/0001-23;BRIB CORRETORA DE RESSEGUROS LTDA;1131752991;SP;SAO PAULO
03.546.261/0001-08;CARDIF DO BRASIL VIDA E PREVIDENCIA S/A;1122469000;SP;SAO PAULO
48.087.985/0001-60;CARPENTER MARSH FAC BRASIL CORRETORA DE RESSEGUROS LTDA.;1122451800;SP;SAO PAULO
23.025.711/0001-16;CIA ITAU DE CAPITALIZACAO;1130034828;SP;SAO PAULO
61.599.565/0001-21;CONNEXUS CORRETAGEM E CONSULTORIA EM RESSEGURO LTDA;1120657865;SP;SAO PAULO
19.486.258/0001-78;DAYCOVAL SEGUROS S.A.;1127116800;SP;SAO PAULO
04.573.811/0001-32;EULER HERMES SEGUROS S.A.;1130654035;SP;SAO PAULO
09.064.453/0001-56;FAIRWAY SEGUROS S A;1150267621;SP;SAO PAULO
75.115.436/0001-25;INTERBRAZIL SEGURADORA S/A -;1130378800;SP;SAO PAULO
45.865.343/0001-57;JUSTOS SEGUROS S.A.;1138192040;SP;SAO PAULO
06.913.526/0001-49;MEXBRIT BRASIL CORRETORA DE RESSEGUROS LTDA;1130654455;SP;SAO PAULO
01.857.539/0001-24;MUNICH RE DO BRASIL RESSEGURADORA S.A.;1151021490;SP;SAO PAULO
85.031.334/0001-85;NOBRE SEGURADORA DO BRASIL S.A - EM LIQUIDACAO;1150691177;SP;SAO PAULO
46.973.571/0001-03;NOW SEGUROS SA;61994428989;SP;SAO PAULO
03.209.092/0001-02;SANTANDER CAPITALIZACAO S/A.;1140043535;SP;SAO PAULO
60.885.027/0001-30;SAO PAULO CIA NACIONAL DE SEGUROS GERAIS - EM LIQUIDACAO;1137770967;SP;SAO PAULO
52.997.050/0001-99;SKY SEGURADORA S.A. - MICROSSEGURADORA;1144336724;SP;SANTO ANDRE
92.863.505/0001-06;UNIMED SEGURADORA S/A;1132649700;SP;SAO PAULO
29.408.732/0001-05;XP VIDA E PREVIDENCIA S.A.;1132653700;SP;SAO PAULO
01.206.480/0001-04;ZURICH BRASIL VIDA E PREVIDENCIA S.A.;1123138682;SP;SAO PAULO
51.375.162/0001-45;ASSOCIACAO DE PROTECAO VEICULAR E SOCORRO MUTUO AC NORTE;68999338737;AC;RIO BRANCO
58.133.161/0001-33;ASSOCIACAO AUTO GESTAO PROTECAO VEICULAR;82996140075;AL;ARAPIRACA
49.554.378/0001-26;ASSOCIACAO DE PROTECAO E ASSISTENCIA VEICULAR ARATOP;82999781293;AL;ARAPIRACA
56.222.822/0001-71;ASSOCIACAO DE PROTECAO PATRIMONIAL MUTUALISTA JM;82993328033;AL;CAPELA
54.551.002/0001-06;ASSOCIACAO DE PROTECAO PATRIMONIAL MUTUALISTA MOVIAUTO;82996039406;AL;PALMEIRA DOS INDIOS
41.845.048/0001-88;ASSOCIACAO DE PROTECAO VEICULAR AUTO FORTE;8235391292;AL;ARAPIRACA
31.506.057/0001-90;ASSOCIACAO LAJENSE DE PROTECAO A MOTOCICLETAS - ALPM;8232851734;AL;SAO JOSE DA LAJE
52.946.900/0001-20;ASSOCIACAO SANTA FE PROTECAO VEICULAR;82998350007;AL;ARAPIRACA
55.327.413/0001-77;ASSOCIACAO SUPER NACIONAL;82988753884;AL;MACEIO
39.564.635/0001-57;ASSOCIACAO TECNICA DE PROTECAO VEICULAR LIDERES;82996131543;AL;JUNQUEIRO
33.130.962/0001-14;ASUS - ASSOCIACAO DE BENEFICIOS;82981301471;AL;MACEIO
30.064.763/0001-67;ATIVOS PREVENCOES CLUBE DE BENEFICIOS;82981409289;AL;ARAPIRACA
27.729.265/0001-81;AUDOMOTOS PROTECAO PATRIMONIAL MUTUALISTA;8233221072;AL;MACEIO
53.388.032/0001-72;AUTO SERTAO ASSOCIACAO DE SOCORRO MUTUO E BENEFICIOS;8235222224;AL;ARAPIRACA
53.920.004/0001-54;BRAVO ASSOCIACAO DE BENEFICIOS;82999717404;AL;ARAPIRACA
37.281.159/0001-31;FRENTE VEICULAR BRASIL;31995864151;AL;ARAPIRACA
42.473.687/0001-22;GRUPO DE PROTECAO PATRIMONIAL MUTUALISTA JR;82999490093;AL;TAQUARANA
27.083.695/0001-79;JB PROTECAO PATRIMONIAL;8235301431;AL;ARAPIRACA
47.207.966/0001-68;M&G ASSOCIACAO DE PROTECAO VEICULAR;82999949993;AL;MACEIO
39.724.246/0001-41;NACIONAL PROTECT PROTECAO PATRIMONIAL MUTUALISTA;8233162820;AL;MACEIO
41.746.845/0001-08;NOVA AUTOGESTAO ASSOCIACAO DE BENEFICIOS;82996417777;AL;ARAPIRACA
61.345.844/0001-69;PB ASSOCIACAO DE BENEFICIOS;8233137765;AL;MACEIO
32.847.957/0001-64;PROTEGE ASSOCIACAO DE BENEFICIOS;82999318565;AL;ARAPIRACA
60.013.310/0001-72;SAGE PROTECAO VEICULAR;82988545045;AL;UNIAO DOS PALMARES
54.180.750/0001-11;ASSOCIACAO AMIGOS DO ASFALTO;92984342441;AM;MANAUS
46.679.616/0001-31;SETA PROTECAO VEICULAR;88996968968;AM;MANAUS
08.702.793/0001-00;AAPV - ASSOCIACAO DE AUTOGESTAO DOS MOTORISTAS POR APLICATIVOS DO ESTADO DA BAHIA;71997079735;BA;SALVADOR
49.481.282/0001-85;ABAETE ASSOCIACAO DE PROPRIETARIOS DE VEICULOS;77999785590;BA;VITORIA DA CONQUISTA
45.392.703/0001-40;ABPVM - ASSOCIACAO BENEFICIOS PROTECAO VEICULAR MAISCAR BRASIL;75992109051;BA;ALAGOINHAS
21.589.716/0001-46;AFECET - ASSOCIACAO FEIRENSE DOS CAMINHONEIROS E TRANSPORTADORES RODOVIARIOS;75991871847;BA;FEIRA DE SANTANA
12.289.136/0001-42;AGAPEGENESIS BENEFICIOS E PROTECAO PATRIMONIAL MUTUALISTA;7534813308;BA;FEIRA DE SANTANA
48.053.818/0001-07;ALFA ASSOCIACAO DE PROTECAO PATRIMONIAL MUTUALISTA E APOIO AOS CONDUTORES DE VEICULOS DA BAHIA;77988176240;BA;VITORIA DA CONQUISTA
11.464.030/0001-75;APROVAUTO - ASSOCIACAO BRASILEIRA DE BENEFICIOS;7736111774;BA;BARREIRAS
44.513.781/0001-93;ASSOCIACAO BAIANA DE PROTECAO VEICULAR - PROTERTRUCK;71999349023;BA;FEIRA DE SANTANA
35.157.231/0001-98;ASSOCIACAO CONFIAUTO CLUBE DE PROTECAO PATRIMONIAL MUTUALISTA;7132324287;BA;SALVADOR
19.214.124/0001-06;ASSOCIACAO CONQUISTENSE DE BENEFICIOS MUTUOS-ATIVE;7734224394;BA;VITORIA DA CONQUISTA
39.426.749/0001-30;ASSOCIACAO DE BENEFICIOS E PROTECAO AOS VEICULOS AUTOMOTORES DE BOMBEIROS MILITARES DO ESTADO DA BAHIA, FAMILIARES E AMIGOS - CENTRAUTO;71987527662;BA;SALVADOR
30.511.504/0001-37;ASSOCIACAO DE MUTUA PROTECAO DOS MOTOCICLISTAS E DEMAIS COLABORADORES (APRM);7532762183;BA;RIBEIRA DO POMBAL
11.819.006/0001-01;ASSOCIACAO DE PROPRIETARIOS MOTOCICLETAS DE VITORIA DA CONQUISTA/BA - PROMOTOS;7734223545;BA;VITORIA DA CONQUISTA
12.643.738/0001-56;ASSOCIACAO DE PROTECAO AOS MOTOCICLISTA DO ESTADO DA BAHIA;7531814190;BA;ALAGOINHAS
22.803.614/0001-44;ASSOCIACAO DE PROTECAO AOS MOTORISTAS E VEICULAR DO NORTE E NORDESTE DO ESTADO DA BAHIA - ASPROVEN - GRUPO DE PROTECAO PATRIMONIAL MUTUALISTA;75999985664;BA;EUCLIDES DA CUNHA
20.915.257/0001-80;ASSOCIACAO DE PROTECAO AOS PROPRIETARIOS DE VEICULOS DO SISAL;71996321505;BA;QUEIMADAS
50.944.092/0001-36;ASSOCIACAO DE PROTECAO MUTUA PARA VEICULOS MASTER CLUB;75982909924;BA;FEIRA DE SANTANA
36.821.289/0001-57;ASSOCIACAO DE SOCORRO MUTUO DE DESPESAS OCORRIDAS - BAYPRO;6231425334;BA;FEIRA DE SANTANA
44.851.638/0001-01;ASSOCIACAO DE SOCORRO MUTUO DOS PROPRIETARIOS DE VEICULOS DO OESTE DA BAHIA;62993131740;BA;BARREIRAS
47.404.659/0001-77;ASSOCIACAO G4 ASSISTENCIA MUTUA;16996339155;BA;VITORIA DA CONQUISTA
49.218.812/0001-05;ASSOCIACAO GRUPO IMPERIO PROTECAO VEICULAR;75999076829;BA;RIBEIRA DO POMBAL
50.706.732/0001-70;ASSOCIACAO NACIONAL DE AUXILIO MUTUO E CLUBE DE BENEFICIOS DE COLABORADORES DA BAHIA;75998732186;BA;ALAGOINHAS
22.397.553/0001-62;ASSOCIACAO NORDESTE CLUBE;7130432130;BA;SALVADOR
38.162.861/0001-49;ASSOCIACAO NOVO ISRAEL CLUBE DE BENEFICIOS - NVI;7141133376;BA;SALVADOR
45.738.146/0001-77;ASSOCIACAO PATRIMONIAL MUTUALISTA MOTO+;75999495922;BA;ALAGOINHAS
59.772.265/0001-50;ASSOCIACAO PREVCAR;77999954833;BA;ANAGE
33.143.164/0001-27;ASSOCIACAO PROTECTCAR - CLUBE DE BENEFICIOS;7730250606;BA;VITORIA DA CONQUISTA
21.081.663/0001-58;AVSEG AUTO;7531990686;BA;FEIRA DE SANTANA
31.102.777/0001-90;BE SAFE AUTOGESTAO;2141081177;BA;VITORIA DA CONQUISTA
23.237.438/0001-93;CLUBE GOLD DE BENEFICIOS - COBENS;7130179862;BA;SALVADOR
47.937.571/0001-10;CONQUISTA AUTO CLUBE;77988627600;BA;VITORIA DA CONQUISTA
49.582.819/0001-01;CRONOS: PROTECAO VEICULAR E BENEFICIOS;7734210132;BA;VITORIA DA CONQUISTA
34.478.491/0001-00;ENTIDADE DE AUTOGESTAO DOS PROPRIETARIOS DE VEICULOS E MOTOCICLETAS DO ESTADO DA BAHIA - PROTER;7530230344;BA;FEIRA DE SANTANA
36.428.080/0001-28;EVOQUE BENEFICIOS GRUPO DE PROTECAO PATRIMONIAL MUTUALISTA;7536316094;BA;FEIRA DE SANTANA
51.012.452/0001-24;FACILITE AUTOGESTAO;77991395417;BA;ITAMARAJU
61.507.907/0001-36;FORT CLUBE DE BENEFICIOS E PROTECAO PATRIMONIAL;75991299229;BA;FEIRA DE SANTANA
52.078.036/0001-91;FREEDOM CLUB - ASSOCIACAO BAIANA DE BENEFICIOS E SOCORRO MUTUO DOS PROPRIETARIOS DE VEICULOS LEVES, MOTOCICLETAS E TAXISTAS;71997107111;BA;ESPLANADA
30.017.274/0001-54;GRUPO MUTUALISTA ATJ;7530305326;BA;FEIRA DE SANTANA
50.362.562/0001-53;MANA PROTECAO VEICULAR;7332611635;BA;EUNAPOLIS
09.439.292/0001-38;MULTIPLA CB - CLUBE DE BENEFICIOS;7734246334;BA;VITORIA DA CONQUISTA
57.010.970/0001-95;PRADOCAR CLUBE DE BENEFICIOS DO ESTADO DA BAHIA;3138486589;BA;PRADO
43.336.715/0001-22;PROCARRO BENEFICIOS E SOCORRO MUTUO;75981250038;BA;SAO GONCALO DOS CAMPOS
45.000.608/0001-54;PROTECAR PROTECAO VEICULAR E SERVICOS;7133585746;BA;SALVADOR
27.014.944/0001-74;PROTER BEM ENTIDADE DE AUTOGESTAO;7530312839;BA;ALAGOINHAS
32.813.439/0001-20;RENOVE - CLUBE DE BENEFICIOS AOS MOTORISTAS E MOTOCICLITAS DO NORDESTE;77991294168;BA;VITORIA DA CONQUISTA
61.061.363/0001-21;RUMO AUTO BENEFICIOS;71992054733;BA;SALVADOR
43.407.086/0001-84;SERENA BENEFICIOS E SOCORRO MUTUO;71985536000;BA;SALVADOR
33.566.920/0001-20;TOTTALMOTOS ASSOCIACAO DE BENEFICIOS MUTUOS;7734226123;BA;VITORIA DA CONQUISTA
51.116.644/0001-80;TRIUNFO CAR TRUCK SOCORRO MUTUO;73999017896;BA;LUIS EDUARDO MAGALHAES
54.224.587/0001-41;VC CAR;77992129797;BA;CAETANOS
28.007.392/0001-30;ASSOCIACAO DE ASSISTENCIA E GARANTIA DE VEICULOS - A.A.G.V;8835181567;CE;SOLONOPOLE
55.382.195/0001-73;ASSOCIACAO DE PROTECAO E ASSISTENCIA VEICULAR TURBO PROTEGE;85987573123;CE;FORTALEZA
10.203.173/0001-60;ASSOCIACAO DE PROTECAO PATRIMONIAL MUTUALISTA DOS PROPRIETARIOS DE CAMINHOES DO VALE DO JAGUARIBE -ASCAMVALE;85988995182;CE;RUSSAS
52.885.420/0001-04;ASSOCIACAO DE PROTECAO PATRIMONIAL RESOLVE;1120135927;CE;FORTALEZA
50.883.654/0001-89;ASSOCIACAO DE SOCORRO MUTUO CONCEITO AUTOS;8540425999;CE;FORTALEZA
13.035.649/0001-90;ASSOCIACAO NACIONAL ALIANCA DE PROTECAO VEICULAR;85987035202;CE;FORTALEZA
61.757.816/0001-59;ASSOCIACAO PROTECAO TOTAL VEICULAR;8541010585;CE;FORTALEZA
32.548.298/0001-65;ASSOCIACAO S. G. DE PROTECAO VEICULAR;8836112771;CE;SOBRAL
23.473.220/0001-38;AUTO LIFE ASSOCIACAO DE BENEFICIOS;88981105040;CE;JUAZEIRO DO NORTE
61.735.121/0001-76;BOS AUTO PROTECAO;88998016174;CE;FORTALEZA
59.866.146/0001-67;CN PROTECAO PATRIMONIAL;88988931821;CE;QUIXADA
22.223.120/0001-90;COBERTURA TOTAL PROTECAO PATRIMONIAL MUTUALISTA;6239833125;CE;FORTALEZA
50.795.740/0001-30;ELEVEN PROTECAO PATRIMONIAL;88992163523;CE;SOBRAL
61.722.574/0001-68;FAMA ASSOCIACAO DE PROTECAO PATRIMONIAL MUTUALISTA;8836114536;CE;FORTALEZA
61.707.388/0001-50;GLOBALIZE PROTECAO VEICULAR;85998662523;CE;FORTALEZA
61.707.971/0001-60;KANSAS PROTECAO VEICULAR;85996535745;CE;FORTALEZA
61.648.237/0001-78;PRIME PROTECAO VEICULAR;85996932091;CE;FORTALEZA
61.733.535/0001-66;R SEG PROTECAO VEICULAR;84987473709;CE;FORTALEZA
61.727.069/0001-06;RAIO GARANTE;85992926185;CE;FORTALEZA
20.033.698/0001-59;SUPPORT - CLUBE DE BENEFICIOS DO BRASIL;85991769670;CE;FORTALEZA
43.017.947/0001-18;SUPPORT BRASIL PLANO DE ASSISTENCIA AUTOMOTIVA;85992569150;CE;FORTALEZA
34.430.772/0001-85;UNIAOPREV - ASSOCIACAO DE BENEFICIOS;81996236666;CE;BREJO SANTO
61.539.376/0001-63;WILL PROTECAO VEICULAR;85985797310;CE;FORTALEZA
25.140.184/0001-16;ADARCO - ASSOCIACAO DE DESENVOLVIMENTO DOS AMIGOS DA REGIAO DO CENTRO OESTE;3141415729;DF;BRASILIA
25.297.869/0001-70;GRUPO SUPPORT;6136864493;DF;BRASILIA
51.891.229/0001-02;LOCALIZE CLUBE DE BENEFICIOS;61984887456;DF;BRASILIA
12.651.606/0001-76;ABTRAC - ASSOCIACAO BRASILEIRA DOS TRANSPORTADORES DE CARGA;2835372951;ES;ICONHA
56.913.607/0001-17;ASSOCIACAO CAPIXABA DOS TRABALHADORES AUTONOMOS - SIMPLYCAR;27998355195;ES;VILA VELHA
18.762.919/0001-88;ASSOCIACAO DE APOIO AOS TRANSPORTADORES DE CARGAS - ASTRAN;2732846130;ES;VIANA
61.480.031/0001-81;BKT PROTECAO VEICULAR;2730672806;ES;SERRA
26.984.398/0001-31;CLUBE DE BENEFICIOS MUTUOS NORTEBEM;2732084471;ES;VILA VELHA
50.861.455/0001-70;COMPANHIA DE PROTECAO NACIONAL E SOCORRO MUTUO;27998530209;ES;SERRA
35.264.441/0001-85;GRANDE ASSOCIACAO BRASILEIRA DE PROTECAO VEICULAR - GRANDE;27996212170;ES;CARIACICA
31.441.646/0001-38;MULTIPLUS PROTECAO VEICULAR;2730720070;ES;VILA VELHA
32.783.941/0001-35;PORTTO ASSISTENCIA E BENEFICIOS;2733254617;ES;SERRA
55.295.049/0001-00;SMARTPROTECT ASSOCIACAO DE PROTECAO VEICULAR;27988493701;ES;SERRA
32.597.645/0001-40;UNICA - CLUBE DE BENEFICIOS MUTUOS;2730773851;ES;VILA VELHA
50.430.491/0001-89;365 ASSOCIADOS;1147531105;GO;GOIANIA
61.172.291/0001-90;ALIA PROTECAO E BENEFICIOS;6231363817;GO;GOIANIA
29.758.305/0001-49;ALTIS PROTECAO VEICULAR E BENEFICIOS;62985380830;GO;GOIANIA
52.233.522/0001-37;ASSOCIACAO ALL DOS POSSUIDORES DE VEICULOS AUTOMOTORES;61992816134;GO;VALPARAISO DE GOIAS
12.545.350/0001-12;ASSOCIACAO CATALANA DE TRANSPORTES RODOVIARIOS E SOCORRO MUTUO;6434114520;GO;CATALAO
43.843.502/0001-97;ASSOCIACAO DE APOIO AOS PROPRIETARIOS DE VEICULOS DO CENTRO OESTE;6230855129;GO;GOIANIA
18.010.673/0001-98;ASSOCIACAO DE BENEFICIOS PARA VEICULOS AUTOMOTORES - AUTO CLUB;6230860102;GO;GOIANIA
46.722.227/0001-41;ASSOCIACAO DE BENEFICIOS UNIAUTO BRASIL;6230942905;GO;APARECIDA DE GOIANIA
39.583.767/0001-26;ASSOCIACAO DE PROTECAO VEICULAR E SOCORRO MUTUO E BENEFICIOS HARMONY;62993934589;GO;GOIANIA
27.107.245/0001-79;ASSOCIACAO DE SOCORRO MUTUO E BENEFICIOS DO ESTADO DE GOIAS;6235586443;GO;GOIANIA
05.535.438/0001-98;ASSOCIACAO DOS POLICIAIS E BOMBEIROS MILITARES DO ESTADO DE GOIAS;6239456562;GO;GOIANIA
32.208.524/0001-69;ASSOCIACAO DOS TRANSPORTADORES DE CARGAS DE GOIAS -ATC-GOIAS;6233330192;GO;ANAPOLIS
41.351.315/0001-60;ASSOCIACAO PROTEGECLUB - CLUBE DE BENEFICIOS;6435131702;GO;RIO VERDE
31.646.487/0001-08;ASSOCIACAO REGIONAL DOS CAMINHONEIROS DO CENTRO OESTE -ARCCO;62985561075;GO;GOIANIA
47.925.529/0001-80;ASSOCIACAO UNIVERSO SMART CAR PROTECAO VEICULAR;61998244708;GO;VALPARAISO DE GOIAS
43.003.370/0001-95;AUTO AMERICA RIO VERDE ASSOCIACAO DE PROTECAO VEICULAR;6435139822;GO;RIO VERDE
11.108.434/0001-26;AUTONIVEL BRASIL PROTECAO E BENEFICIOS - AUTONIVEL BRASIL;6230915555;GO;GOIANIA
37.173.740/0001-30;BV BENEFICIOS;62984148719;GO;GOIANESIA
26.649.854/0001-97;ELEVATON CLUBE DE BENEFICIOS;6230886161;GO;GOIANIA
37.451.840/0001-80;ENTERPOL CAR - PROTECAO VEICULAR;62992003044;GO;GOIANIA
58.146.743/0001-54;FORTIS BRASIL PROTECAO VEICULAR;62984362478;GO;GOIANIA
41.307.584/0001-20;MAIS GOIAS CLUBE DE BENEFICIOS;6239260058;GO;GOIANIA
46.533.306/0001-04;NEW PROTEGE ASSOCIACAO DE SOCORRO MUTUO E PECULIO;62981010481;GO;GOIANIA
51.394.338/0001-06;PADRAO BENEFICIOS E SOCORRO MUTUO;62981930580;GO;GOIANIA
30.955.118/0001-34;PRIME CAR BRASIL;62993828436;GO;GOIANIA
49.619.407/0001-90;PROMAX ASSOCIACAO DE VEICULOS AUTOMOTORES;62982028758;GO;GOIANESIA
35.055.020/0001-44;PUMA PROTECAO VEICULAR - ASSOCIACAO DE BENEFICIOS DOS CONDUTORES DO BRASIL;6230942568;GO;APARECIDA DE GOIANIA
16.422.694/0001-95;SISTEMA DE PROTECAO VEICULAR ASSOCIATIVO DO ESTADO DE GOIAS;6232331578;GO;GOIANIA
43.803.595/0001-26;SPEED PROTECAO MUTUALISTA;6232119510;GO;APARECIDA DE GOIANIA
58.469.515/0001-15;TODOS BENS PROTEGIDOS ASSOCIACAO DE PROTECAO PATRIMONIAL MUTUALISTA;62982428003;GO;GOIANIA
59.919.521/0001-90;VALIDI PROTECAO VEICULAR;62986292992;GO;GOIANIA
52.243.261/0001-36;VALLE PROTECAO MUTUALISTA;64993256792;GO;GOIANIA
53.802.293/0001-97;VIP CLUB DE BENEFICIOS;62993976777;GO;GOIANESIA
47.852.682/0001-24;A.C.M - ASSOCIACAO DE CAMINHOES MARANHENSE;99982661601;MA;BALSAS
35.136.877/0001-99;AAVM ASSOCIACAO DE AUTOGESTAO DOS PROPRIETARIOS DE VEICULOS MUTUALISTAS;3125667777;MA;SAO LUIS
44.549.154/0001-02;SOS ASSOCIACAO DE BENEFICIOS MUTUOS;99992057735;MA;IMPERATRIZ
16.417.208/0001-40;ABM BRASIL - ASSOCIACAO DE BENEFICIOS MUTUOS;31999740989;MG;CONTAGEM
11.713.746/0001-69;ABRASPROVE - ASSOCIACAO BRASILEIRA DE PROTECAO VEICULAR;3735234033;MG;POMPEU
06.985.978/0001-36;ACEMITA- ASSOCIACAO DOS CAMINHONEIROS DE ITAUNA E REGIAO;3732436730;MG;ITAUNA
26.051.534/0001-30;ACERTT CLUBE DE BENEFICIOS;31991993302;MG;CONTAGEM
48.127.639/0001-69;ACTR TRUCK PROTECAO PATRIMONIAL MUTUALISTA;3125665334;MG;BETIM
51.900.091/0001-52;ADV BENEFICIOS E SOCORRO MUTUO;31999713923;MG;BELO HORIZONTE
23.139.456/0001-32;AEROCAR CLUBE DE BENEFICIOS;3136226768;MG;VESPASIANO
42.037.228/0001-04;AGIBENS BENEFICIOS E AJUDA MUTUA;31999429000;MG;BELO HORIZONTE
24.538.164/0001-35;AGN PROTECAO PATRIMONIAL MUTUALISTA;3132130455;MG;BELO HORIZONTE
60.795.398/0001-21;ALCATEIA PROTECAO VEICULAR;34992042517;MG;FRUTAL
31.275.573/0001-51;ALIADA BRASIL PROTECAO PATRIMONIAL MUTUALISTA;3131490101;MG;BELO HORIZONTE
14.880.952/0001-51;ALICERCE COOPERATIVA DE CONSUMO DE BENS E SERVICOS;3125598004;MG;CONTAGEM
17.767.160/0001-63;AMAVE - ASSOCIACAO DE PROTECAO AOS VEICULOS DOS MORADORES DO CENTRO OESTE MINEIRO;3732323270;MG;PARA DE MINAS
54.067.973/0001-77;AMERICAN CAR BRASIL ASSOCIACAO DE PROTECAO PATRIMONIAL MUTUALISTA;31986299330;MG;BELO HORIZONTE
08.827.634/0001-24;APACAR PROTECAO PATRIMONIAL MUTUALISTA;3135119660;MG;BETIM
40.483.824/0001-84;APAN PROTECAO PATRIMONIAL MUTUALISTA;3136650940;MG;CONTAGEM
09.133.428/0001-87;APM BRASIL - ASSOCIACAO DE BENEFICIOS E PROTECAO;3133331625;MG;CONTAGEM
21.485.117/0001-82;APROVEL CLUBE DE BENEFICIOS;3132130924;MG;CONTAGEM
40.033.571/0001-47;AQUILA CAR CLUBE DE BENEFICIOS E SOCORRO MUTUO;3136540352;MG;SANTA LUZIA
57.637.701/0001-53;ARCA MUTUAL PROTECAO PATRIMONIAL MUTUALISTA;3130466274;MG;CONTAGEM
11.238.918/0001-90;ASPROITA ASSOCIACAO DE BENEFICIOS;3138318855;MG;ITABIRA
09.278.542/0001-03;ASPROLESTE - ASSOCIACAO DE APOIO AOS PROPRIETARIOS DE VEICULOS DO LESTE DE MINAS;3332774711;MG;GOVERNADOR VALADARES
08.568.783/0001-16;ASSCAM - ASSOCIACAO DOS CAMINHONEIROS E AMIGOS DE ITAUNA E REGIAO;3732424139;MG;ITAUNA
13.200.417/0001-40;ASSOCIACAO BRASILEIRA DE PROTECAO PATRIMONIAL - ASSOCICAR;3133534540;MG;CONTAGEM
58.105.437/0001-70;ASSOCIACAO BRASILEIRA MUTUALISTA DOS TRANSPORTADORES;34996453499;MG;UBERABA
11.021.325/0001-77;ASSOCIACAO CATALAO, UBERLANDIA E UNAI DE TRANSPORTES RODOVIARIOS;3432321733;MG;UBERLANDIA
50.124.070/0001-20;ASSOCIACAO COOPERLIDER PREMIUM CURVELO;38999845770;MG;CURVELO
07.777.976/0001-14;ASSOCIACAO DE AMIGOS PROPRIETARIOS DE VEICULOS AUTOMOTORES;3135322166;MG;BETIM
10.654.336/0001-21;ASSOCIACAO DE AMPARO MUTUO DOS CAMINHONEIROS DO BRASIL;3132955911;MG;CONTAGEM
18.679.935/0001-01;ASSOCIACAO DE AUXILIO AOS PROPRIETARIOS DE VEICULOS AUTOMOTORES - PROTOCAR;31999158750;MG;CONTAGEM
14.069.761/0001-04;ASSOCIACAO DE BENEFICIOS MUTUOS DO BRASIL - ASTEP BRASIL;3125522224;MG;BELO HORIZONTE
24.643.924/0001-74;ASSOCIACAO DE BENEFICIOS MUTUOS E SERVICOS - UNACAR;3132490400;MG;BETIM
21.222.607/0001-96;ASSOCIACAO DE CAMINHONEIROS ALIANCA;3137747277;MG;SETE LAGOAS
59.749.144/0001-98;ASSOCIACAO DE CONSUMO DOS PROPRIETARIOS DE VEICULOS E TRANSPORTADORES DE CARGAS E PASSAGEIROS DOS CONSUMIDORES DA PROTEGE TODOS;31972166121;MG;BELO HORIZONTE
30.169.800/0001-00;ASSOCIACAO DE FOMENTO E COOPERATIVISMO AO TRANSPORTE DE CARGAS DO BRASIL AFOCOOP;3135322577;MG;BETIM
08.626.408/0001-85;ASSOCIACAO DE PROTECAO A PROPRIETARIOS DE CARROS - APPCAR;3135942094;MG;BETIM
39.698.719/0001-83;ASSOCIACAO DE PROTECAO E ASSISTENCIA VEICULAR POWER BRASIL CAR;33999539634;MG;GUANHAES
30.434.271/0001-16;ASSOCIACAO DE PROTECAO E AUXILIO VEICULAR EM DEFESA DOS DIREITOS GLOBAIS E DIFUSOS;34992041898;MG;UBERLANDIA
34.047.007/0001-80;ASSOCIACAO DE PROTECAO E BENEFICIOS DO TRANSPORTADOR RODOVIARIO DE CARGAS - APROBEN;3436617467;MG;ARAXA
61.506.715/0001-05;ASSOCIACAO DE PROTECAO PATRIMONIAL MUTUALISTA DOS CAMINHONEIROS DO NORTE DE MINAS;38999380893;MG;MONTES CLAROS
09.583.514/0001-91;ASSOCIACAO DE PROTECAO PATRIMONIAL UNIBRAS;31998586384;MG;BELO HORIZONTE
16.685.396/0001-98;ASSOCIACAO DE PROTECAO VEICULAR DE MINAS GERAIS - ASPVEMG;3134864657;MG;BELO HORIZONTE
40.767.532/0001-73;ASSOCIACAO DE PROTECAO VEICULAR E BENEFICIOS - PROTE+ CLUBE DE BENEFICIOS;31997361428;MG;IPATINGA
31.146.121/0001-70;ASSOCIACAO DE PROTECAO VEICULAR E BENEFICIOS AOS PROPRIETARIOS DE AUTOMOVEIS, UTILITARIOS E MOTOCICLETAS;3432120000;MG;UBERLANDIA
59.120.296/0001-27;ASSOCIACAO DE PROTECAO VEICULAR E BENEFICIOS HDF;31995353532;MG;SARZEDO
35.815.407/0001-51;ASSOCIACAO DE PROTECAO VEICULAR E REPAROS DO BRASIL MUTUA;3132433919;MG;BELO HORIZONTE
51.722.597/0001-19;ASSOCIACAO DE PROTECAO VEICULAR PRIME;33998171011;MG;MARTINS SOARES
33.968.060/0001-51;ASSOCIACAO DE SOCORRO MUTUO CUIDAR;3121801366;MG;BELO HORIZONTE
21.408.664/0001-64;ASSOCIACAO DE SOCORRO MUTUO TOPPREV;3133953191;MG;IGARAPE
26.736.607/0001-28;ASSOCIACAO DE TRANSPORTADORES E APOIO AOS PROPRIETARIOS DE VEICULOS DE CARGAS E AFINS - COOPERMENDES;3538645001;MG;PERDOES
06.939.639/0001-13;ASSOCIACAO DIVINOPOLITANA DOS AMIGOS CARRETEIROS - ADAC;3736918308;MG;DIVINOPOLIS
33.556.995/0001-20;ASSOCIACAO DOS CAMINHONEIROS DE TRANSPORTES DO BRASIL - ACTB;3432382248;MG;UBERLANDIA
08.264.303/0001-23;ASSOCIACAO DOS PROPRIETARIOS DE VEICULOS AUTOMOTORES -APVA;3138233639;MG;IPATINGA
40.749.119/0001-86;ASSOCIACAO DOS PROPRIETARIOS DE VEICULOS GRUPO NOVOS HORIZONTES;3133836976;MG;BELO HORIZONTE
07.967.067/0001-49;ASSOCIACAO DOS TRANSPORTADORES DE CARGAS DO VALE DO ACO - ATVA;3121091350;MG;IPATINGA
09.143.414/0001-44;ASSOCIACAO DOS VEICULOS PESADOS - AVEP;3135474703;MG;CONGONHAS
39.920.581/0001-15;ASSOCIACAO LONGA VIAGEM PROTECAO VEICULAR;31999179577;MG;ITAGUARA
31.750.804/0001-31;ASSOCIACAO MAXIMA PROTECAO VEICULAR;3733811058;MG;CLAUDIO
17.029.183/0001-70;ASSOCIACAO MINEIRA DE AGREGADOS SOLIDARIOS - GRUPO DE PROTECAO PATRIMONIAL MUTUALISTA;3138210592;MG;IPATINGA
37.138.977/0001-80;ASSOCIACAO MUTUALISTA AUTO MINAS PROTECAO VEICULAR;3131612323;MG;RIBEIRAO DAS NEVES
17.368.997/0001-30;ASSOCIACAO NACIONAL DE PROTECAO DE VEICULOS - ANPROCAR;3434112173;MG;ITURAMA
19.685.872/0001-69;ASSOCIACAO NOROESTE MINEIRA DE APOIO AO TRANSPORTADOR RODOVIARIO;38998656563;MG;UNAI
40.185.663/0001-42;ASSOCIACAO ORION DE BENEFICIOS MUTUOS DO BRASIL;6536348668;MG;UBERLANDIA
16.785.706/0001-46;ASSOCIACAO PATENSE DE EMPREENDEDORES NO TRANSPORTE;34996770008;MG;PATOS DE MINAS
12.559.261/0001-25;ASSOCIACAO PROTETORA DE VEICULOS AUTOMOTORES - PROAUTO;3134909000;MG;BELO HORIZONTE
27.187.200/0001-51;ASSOCIACAO RIOS PROTECAO PATRIMONIAL MUTUALISTA;31999368082;MG;RIO MANSO
25.162.970/0001-14;ASSOCIACAO ROYAL;3732256259;MG;NOVA SERRANA
18.313.880/0001-11;ASSOCIACAO SEVEN DOS PROPRIETARIOS DOS VEICULOS AUTOMOTORES DO BRASIL;3432328801;MG;UBERLANDIA
46.385.872/0001-16;ASSOCIACAO TOTAL BENEFICIOS;3140404610;MG;IPATINGA
29.457.003/0001-30;ASSOCIATIVA BRASIL PROTECAO PATRIMONIAL;3135146533;MG;BELO HORIZONTE
54.710.613/0001-41;AUTO GESTAO MUTUAL - ASSOCIACAO DE PROTECAO PATRIMONIAL MUTUALISTA;3130465104;MG;BELO HORIZONTE
28.517.202/0001-24;AUTO MAIS CLUBE DE BENEFICIOS E PROTECAO VEICULAR DE IBIRITE;31993366800;MG;IBIRITE
25.118.413/0001-04;AUTO SAVE CLUBE DE BENEFICIOS;3132437104;MG;BELO HORIZONTE
48.834.525/0001-59;AUTOZEN GRUPO DE PROTECAO PATRIMONIAL MUTUALISTA;31993440361;MG;BETIM
46.097.917/0001-57;AVANTGARDE PROTECAO VEICULAR;3122127113;MG;BELO HORIZONTE
44.494.927/0001-09;BACELAR PROTECAO VEICULAR;31988694429;MG;CONTAGEM
26.632.947/0001-09;BASE CLUB DE BENEFICIOS BELO HORIZONTE E REGIAO LESTE DE MINAS;3138219594;MG;IPATINGA
51.552.662/0001-05;BETIM BENEFICIOS E PROTECAO PATRIMONIAL MUTUALISTA;31997961797;MG;BETIM
34.846.374/0001-44;BLESS CLUBE DE BENEFICIOS;3135656661;MG;CONTAGEM
56.057.976/0001-55;BMB PROTEGE BENEFICIOS PROTECAO PATRIMONIAL MUTUALISTA;31990843268;MG;CONTAGEM
26.519.735/0001-10;BRASCOON PROTECAO VEICULAR;31992257374;MG;DIVINOPOLIS
27.896.362/0001-69;BRASIL CAR CLUBE DE BENEFICIOS;3125147840;MG;CONTAGEM
54.205.891/0001-41;CAR PROTEC CLUBE DE BENEFICIOS;3139950915;MG;PARA DE MINAS
20.913.136/0001-08;CATIVA - CLUBE DE BENEFICIOS;3136142191;MG;CONTAGEM
13.153.752/0001-34;CENTER CAR/CENTER TRUCK -ASSOCIACAO BRASILEIRA DE PROTECAO E BENEFICIOS AOS PROPRIETARIOS DE VEICULOS AUTOMOTORES;3137762342;MG;SETE LAGOAS
39.253.402/0001-33;CERCAR CLUBE DE VANTAGENS;31987568405;MG;BETIM
35.097.638/0001-77;CHECK CAR CLUBE DE BENEFICIOS;31988453517;MG;BELO HORIZONTE
25.214.659/0001-71;CLUB PROTECT - ASSOCIACAO DOS PROPRIETARIOS DE VEICULOS DE ALTA CILINDRADA DE MINAS GERAIS;3130182803;MG;BELO HORIZONTE
31.433.144/0001-65;CLUBE DE ASSISTENCIA REAL TRUCK;3125674647;MG;BELO HORIZONTE
37.352.902/0001-05;CLUBE DE BENEFICIOS PORTO MAIS;3140424003;MG;CONTAGEM
31.995.534/0001-29;CLUBE DE PROTECAO AUTOMOTIVA LAFAIETE;31988551040;MG;CONTAGEM
34.816.905/0001-56;COMPANY TRUCK BRASIL PROTECAO PATRIMONIAL MUTUALISTA;3125655930;MG;CONTAGEM
40.551.885/0001-31;CONFIAR TRUCK CAR BRASIL E CLUBE DE BENEFICIOS;47992532945;MG;BELO HORIZONTE
38.247.051/0001-95;CONFRAN ASSOCIACAO DE BENEFICIOS MUTUOS;3133186017;MG;BELO HORIZONTE
23.425.699/0001-37;COOPERATIVA DE CONSUMO DOS CONDUTORES DE VEICULOS E DETENTORES DE PATRIMONIO - MASTER TRUCK;3130580232;MG;BELO HORIZONTE
12.527.570/0001-13;COOPERLIDER - ASSOCIACAO DE PROTECAO DE VEICULOS AUTOMOTORES;3130261620;MG;SETE LAGOAS
39.249.433/0001-10;DIGICAR ASSOCIACAO DE BENEFICIOS E PROTECAO PATRIMONIAL MUTUALISTA;31998741005;MG;BELO HORIZONTE
31.074.295/0001-74;DINAMICA CLUBE DE ASSISTENCIA;3125594141;MG;CONTAGEM
41.513.942/0001-50;ECONOMY BRASIL ASSOCIACAO E CLUBE DE BENEFICIOS;31999232832;MG;BELO HORIZONTE
16.684.900/0001-35;EFICAZ ASSOCIACAO DE SOCORRO MUTUO;3134474000;MG;BELO HORIZONTE
38.258.021/0001-84;ELITE TRUCK PROTECAO PARA TERCEIROS - ASSOCIACAO DE PROTECAO PATRIMONIAL MUTUALISTA;31975986231;MG;CONTAGEM
18.285.951/0001-10;ELLO - CLUBE DE BENEFICIOS;3135652995;MG;CONTAGEM
55.420.859/0001-41;EQUALIZAR BENEFICIOS MUTUOS;3131915774;MG;CONTAGEM
50.317.355/0001-87;EVO PROTECAO AUTOMOTIVA;16982280053;MG;UBERLANDIA
29.911.531/0001-18;EXCLUSIVA ASSOCIACAO DE BENEFICIOS;3531140190;MG;POCOS DE CALDAS
54.149.345/0001-30;GAIA BENEFICIOS E PROTECAO PATRIMONIAL MUTUALISTA;3121185565;MG;BELO HORIZONTE
37.886.234/0001-98;GERAIS PROTECAO AUTOMOTIVA;3135661424;MG;BELO HORIZONTE
46.480.110/0001-07;GMAX BRASIL BENEFICIOS DE PROTECAO PATRIMONIAL MUTUALISTA;31982565147;MG;BELO HORIZONTE
41.269.991/0001-90;GO BENEFICIOS -ASSOCIACAO DE PROTECAO PATRIMONIAL MUTUALISTA;3121158100;MG;BELO HORIZONTE
55.192.182/0001-31;GPM PROTECAO VEICULAR;3135319709;MG;BETIM
34.823.932/0001-56;GRAM CLUBE DE BENEFICIOS;3335363336;MG;TEOFILO OTONI
50.581.046/0001-10;GRAN CLUBE;31996621685;MG;SETE LAGOAS
46.833.899/0001-24;HAPPY CLUB DE BENEFICIOS BELO HORIZONTE E REGIAO LESTE DE MINAS;31984116070;MG;BELO HORIZONTE
41.697.965/0001-62;HBM PROTECAO VEICULAR DE VEICULOS LEVES DE MINAS GERAIS;0040037930;MG;BELO HORIZONTE
19.753.555/0001-32;HD GRUPO DE PROTECAO PATRIMONIAL MUTUALISTA;3133960453;MG;CONTAGEM
11.984.512/0001-56;HIPER CAR BENEFICIOS MUTUOS;31994305198;MG;BELO HORIZONTE
33.950.642/0001-00;I9 CLUBE DE BENEFICIOS;3133847600;MG;BELO HORIZONTE
27.328.048/0001-80;IMPACT ASSOCIADOS;3130477400;MG;BELO HORIZONTE
41.126.526/0001-08;INTERNACIONAL PROTECAO PATRIMONIAL MUTUALISTA;31993447789;MG;CONTAGEM
48.991.819/0001-94;ITAPOA PROTECAO PATRIMONIAL MUTUALISTA;31998638051;MG;IBIRITE
35.624.503/0001-12;JOY CLUBE DE PROTECAO PATRIMONIAL MUTUALISTA;3121161985;MG;CONTAGEM
45.932.047/0001-21;JUMPER BENEFICIOS E SOCORRO MUTUO;31995850786;MG;LAGOA SANTA
52.111.064/0001-63;KAR PROTEGE CLUBE DE BENEFICIOS;31993026647;MG;CONTAGEM
61.331.779/0001-12;LEGADO PROTECAO VEICULAR;31973069110;MG;BELO HORIZONTE
37.373.674/0001-41;LIGHT ASSOCIACAO DE PROTECAO PATRIMONIAL MUTUALISTA;6139706474;MG;UBERLANDIA
42.916.453/0001-02;LIKE - ASSOCIACAO DE CONDUTORES DO ALTO PARANAIBA/MG;3438147888;MG;PATOS DE MINAS
41.931.309/0001-82;MACRO BENEFICIOS E SOCORRO MUTUO;31995447962;MG;BELO HORIZONTE
39.735.919/0001-69;MAESTRO PROTECAO PATRIMONIAL MUTUALISTA;31986821516;MG;IPATINGA
15.760.710/0001-97;MAGNA PROTECAO PATRIMONIAL MUTUALISTA;3435417724;MG;UBERLANDIA
19.753.456/0001-50;MASTER PROTECAO VEICULAR;3133627730;MG;BELO HORIZONTE
32.015.085/0001-78;MASTER TRUCAR BENEFICIOS E SOCORRO MUTUO;3131772700;MG;SETE LAGOAS
23.364.699/0001-74;MAX MINAS CLUBE DE BENEFICIOS E PROTECAO VEICULAR;32988195487;MG;UBA
15.575.847/0001-71;MAXXIMA - ASSOCIACAO DE PROTECAO AUTOMOTIVO;3133879229;MG;CONTAGEM
51.707.641/0001-11;MCAR PROTECAO VEICULAR;31992354856;MG;IBIRITE
27.785.228/0001-90;MERITTO CLUBE DE BENEFICIOS;31992380490;MG;BELO HORIZONTE
37.219.197/0001-64;MG CAR BRASIL CLUBE DE BENEFICIOS PROTECAO VEICULAR;3132227438;MG;LAGOA SANTA
33.205.976/0001-50;MG CLUBE PROTECAO 24 H;3141011311;MG;BELO HORIZONTE
28.368.480/0001-67;MINAS TRUCK - PROGRAMA DE PROTECAO PATRIMONIAL MUTUALISTA;3135084274;MG;CONTAGEM
09.405.117/0001-20;MINASCAR MOTOS BENEFICIOS E PROTECAO PATRIMONIAL MUTUALISTA;3125554879;MG;CONTAGEM
36.382.049/0001-01;MINASCON PROTECAO VEICULAR;3139395549;MG;CONSELHEIRO LAFAIETE
22.571.801/0001-40;MOTOCAR CLUBE DE ASSISTENCIA;3125671222;MG;CONTAGEM
61.654.608/0001-24;NAPORTO PROTECAO PATRIMONIAL MUTUALISTA;31997375810;MG;CONTAGEM
23.775.805/0001-02;NETCAR PROTECAO PATRIMONIAL MUTUALISTA;3125520102;MG;BELO HORIZONTE
28.130.020/0001-04;ONLY PROTECAO VEICULAR;27997113636;MG;CONTAGEM
24.062.724/0001-28;PLATINUM CLUBE DE BENEFICIOS E PROTECAO PATRIMONIAL MUTUALISTA;3125570206;MG;CONTAGEM
26.436.969/0001-01;PLENUM BENEFICIOS E PROTECAO PATRIMONIAL MUTUALISTA;31995942920;MG;BELO HORIZONTE
24.910.141/0001-00;PLUS - ASSOCIACAO DE BENEFICIOS E PROTECAO;3130199008;MG;BELO HORIZONTE
30.705.240/0001-52;POP BENEFICIOS MUTUOS;3133606606;MG;CONTAGEM
42.656.911/0001-11;POSITIVE CAR CLUBE DE BENEFICIOS;3131214085;MG;IGARAPE
32.324.991/0001-54;POTENCIAL BRASIL CLUBE DE BENEFICIOS;3136250568;MG;RIBEIRAO DAS NEVES
42.026.349/0001-42;PRATICAR CLUBE DE BENEFICIOS;3125526060;MG;BELO HORIZONTE
22.842.709/0001-77;PRIME CAR-RJ - ASSOCIACAO DE PROTECAO DE VEICULOS AUTOMOTORES E BENEFICIOS;32987152414;MG;JUIZ DE FORA
36.025.318/0001-74;PROFORTE ASSOCIADOS;31997527451;MG;SARZEDO
13.580.635/0001-57;PROTCAR - ASSOCIACAO DE BENEFICIOS;3125590301;MG;CONTAGEM
59.938.289/0001-37;PROTECAR CB - ASSOCIACAO DE BENEFICIOS E PROTECOES;32998400355;MG;CAMPO BELO
10.498.781/0001-40;PROTEGE: ASSOCIACAO DE BENEFICIOS;3133636129;MG;CONTAGEM
10.476.457/0001-20;PROTEGENDO BEM CLUBE DE BENEFICIOS;3139725000;MG;BELO HORIZONTE
16.683.553/0001-26;PROTEMINAS BRASIL PROTECAO PATRIMONIAL MUTUALISTA;3133968007;MG;CONTAGEM
36.472.989/0001-83;PUBLICAR BRASIL ASSOCIACAO MUTUA;3135654744;MG;CONTAGEM
36.307.166/0001-00;RHINO PROTECAO VEICULAR;3131490001;MG;CONTAGEM
10.905.551/0001-58;ROD BEM - ASSOCIACAO DOS TRANSPORTADORES RODOVIARIOS;3137769002;MG;SETE LAGOAS
28.739.640/0001-37;RPM CLUBE DE BENEFICIOS;31994251593;MG;BELO HORIZONTE
50.680.004/0001-36;SALVCAR CLUBE DE BENEFICIOS;44999999999;MG;BELO HORIZONTE
52.602.776/0001-85;SANTA CLARA PROTECAO VEICULAR;31999860578;MG;SETE LAGOAS
39.592.180/0001-83;SANTORINE - ASSOCIACAO DE PROTECAO PATRIMONIAL MUTUALISTA;3133322014;MG;CONTAGEM
43.111.258/0001-78;SDS BENEFICIOS E PROTECAO PATRIMONIAL MUTUALISTA;31987280834;MG;BELO HORIZONTE
24.093.462/0001-69;SENIOR SOCORRO MUTUO PARA VEICULOS LEVES E UTILITARIOS;31998847792;MG;BELO HORIZONTE
41.146.497/0001-38;SIM MUTUA CLUBE DE BENEFICIOS E ASSOCIACAO DE PROTECAO PATRIMONIAL E VIDA;3135003565;MG;CONTAGEM
23.468.405/0001-54;SIMPLES BRASIL PROTECAO PATRIMONIAL MUTUALISTA;3125102511;MG;BELO HORIZONTE
49.402.864/0001-29;SIMPLES TRUCK BENEFICIOS E SOCORRO MUTUO;31993901907;MG;BELO HORIZONTE
53.742.242/0001-17;SISTEMA S D C ASSOCIACAO;31972470427;MG;IBIRITE
52.713.176/0001-94;SOL CLUBE DE BENEFICIOS;31973305936;MG;CONTAGEM
45.890.906/0001-67;SOMA PROTECAO PATRIMONIAL MUTUALISTA;3732721465;MG;MARAVILHAS
52.905.542/0001-07;SOMOS PROTECAO VEICULAR;31999492526;MG;ITAUNA
53.943.483/0001-24;SUPRA PROTECAO VEICULAR;31995452211;MG;IPATINGA
39.403.805/0001-11;TAGPRO ASSOCIACAO DE TAXISTAS E MOTORISTAS PROFISSIONAIS DE APLICATIVOS;3135325746;MG;BELO HORIZONTE
32.137.367/0001-48;TEKCAR CLUBE DE BENEFICIOS PROTECAO VEICULAR - GRUPO DE PROTECAO PATRIMONIAL MUTUALISTA;31995192198;MG;BELO HORIZONTE
33.264.849/0001-21;TM BRASIL CLUBE DE BENEFICIOS DO SUDESTE;3133182394;MG;BELO HORIZONTE
56.659.884/0001-45;TRI BRASIL CLUBE DE BENEFICIOS;31999940123;MG;BELO HORIZONTE
36.005.927/0001-61;TRIAD ASSOCIACAO DE PROTECAO PATRIMONIAL MUTUALISTA;3432234000;MG;UBERLANDIA
55.230.285/0001-49;TRK BENEFICIOS E PROTECAO PATRIMONIAL MUTUALISTA;34996568543;MG;UBERLANDIA
45.612.597/0001-63;TRUST PROTECAO VEICULAR;31992487208;MG;BELO HORIZONTE
28.628.875/0001-51;UNIAO DE BENEFICIARIOS E PROPRIETARIOS DE VEICULOS AUTOMOTORES E MOTOS - PREVENIR PROTECAO VEICULAR;3130592020;MG;BETIM
61.552.674/0001-93;UNIAO TRUCK CLUBE DE BENEFICIOS;11970658361;MG;UBERLANDIA
38.493.384/0001-02;UNICON PROTECAO VEICULAR;31999247117;MG;SANTA BARBARA
31.975.821/0001-77;UNIQUE PROTECAO VEICULAR;3136565700;MG;BELO HORIZONTE
27.107.251/0001-26;UP CLUBE DE BENEFICIOS E PROTECAO PATRIMONIAL MUTUALISTA;3130468900;MG;CONTAGEM
37.333.004/0001-00;VELOX - ASSOCIACAO DE PROTECAO PATRIMONIAL MUTUALISTA;3125511080;MG;BETIM
43.677.559/0001-63;WPREMIUM PROTECAO PATRIMONIAL MUTUALISTA;3136654100;MG;BELO HORIZONTE
51.764.573/0001-22;ZELAR BRASIL MUTUA GRUPO DE PROTECAO PATRIMONIAL MUTUALISTA;1148462516;MG;BELO HORIZONTE
43.299.109/0001-84;ZELLE - ASSOCIACAO DE PROTECAO PATRIMONIAL MUTUALISTA;3129420957;MG;IPATINGA
23.255.893/0001-11;ASSOCIACAO DOS TRANSPORTADORES DE CARGAS AUTONOMOS DE NOVA ANDRADINA;67999978222;MS;NOVA ANDRADINA
60.354.014/0001-35;GRANDE MS PROTECAO VEICULAR;6733888685;MS;CAMPO GRANDE
57.315.836/0001-00;AMS - ASSOCIACAO DE PROTECAO VEICULAR;6635461217;MT;CLAUDIA
46.627.315/0001-64;APVMT - SOCORRO MUTUO PARA VEICULOS LEVES E UTILITARIOS;67999359199;MT;PRIMAVERA DO LESTE
48.938.119/0001-36;ASSOCIACAO DE PROPRIETARIOS E ARRENDATARIOS DE CAMINHOES DE PRIMAVERA DO LESTE/MT - GRUPO RODAGEM;66999243423;MT;PRIMAVERA DO LESTE
24.297.187/0001-03;ASSOCIACAO DE PROTECAO DE VEICULOS AUTOMOTORES DO CENTRO OESTE;6530541117;MT;CUIABA
33.173.623/0001-15;ASSOCIACAO DOS COLECIONADORES DE VEICULOS ANTIGOS E RAROS DO MATO GROSSO;6530288010;MT;CUIABA
04.319.746/0001-13;ATROM - ASSOCIACAO DOS TRANSPORTADORES RODOVIARIOS MATOGROSSENSE;66996499784;MT;SORRISO
26.085.184/0001-23;GRID-PREV ASSOCIACAO DE AUTOGESTAO VEICULAR;81998304903;MT;CUIABA
36.287.236/0001-06;MT BRASIL CLUBE DE VANTAGENS E BENEFICIOS;65993589623;MT;VARZEA GRANDE
56.909.932/0001-06;MT MOTORS PROTECAO PATRIMONIAL MUTUALISTA;6635445981;MT;SORRISO
23.427.787/0001-78;SMART CAR BRASIL PROTECAO PATRIMONIAL MUTUALISTA;65999437613;MT;CUIABA
52.943.554/0001-26;EXITO PROTECAO VEICULAR;9131972041;PA;BELEM
26.525.397/0001-29;MASTER BRASIL CLUBE DE BENEFICIOS;94991310545;PA;PARAUAPEBAS
48.420.887/0001-01;AMPARO ASSOCIACAO DE PROTECAO VEICULAR;8321810259;PB;JOAO PESSOA
30.428.314/0001-50;ASSOCIACAO BEMAMIGOS CLUBE DE BENEFICIOS;83991951530;PB;CAMPINA GRANDE
34.546.455/0001-29;ASSOCIACAO DE SOCORRO MUTUO SEGBRASIL;83991217013;PB;JOAO PESSOA
55.401.414/0001-14;AUTOPLUS ASSOCIACAO DE PROTECAO PATRIMONIAL MUTUALISTA;83988495899;PB;ESPERANCA
54.381.477/0001-93;RESGUARD PROTECAO E ASSISTENCIA VEICULAR;83991758282;PB;SOUSA
48.530.681/0001-26;SB - ASSOCIACAO DE SOCORRO MUTUO E BENEFICIOS;81993033041;PB;CONDE
40.921.979/0001-55;SEGURA MUTUAL PROTECAO PATRIMONIAL MUTUALISTA;81992312965;PB;JOAO PESSOA
38.713.912/0001-83;A&F ASSOCIACAO BENEFICENTE DE PROTECAO VEICULAR;81991583270;PE;BARREIROS
43.523.457/0001-93;AMA PROTECAO PATRIMONIAL MUTUALISTA;81992424510;PE;CARUARU
32.284.485/0001-89;AMERICA ASSOCIACAO DE PROTECAO PATRIMONIAL MUTUALISTA;8130390123;PE;RECIFE
27.787.319/0001-65;ASSISTCAR ASSOCIACAO DE PROTECAO PATRIMONIAL MUTUALISTA;81996554588;PE;AGRESTINA
54.130.302/0001-03;ASSOCIACAO ATALAIA PROTECAO VEICULAR;81993806421;PE;JABOATAO DOS GUARARAPES
35.774.600/0001-91;ASSOCIACAO BRASILEIRA DE SOCORRO MUTUO;81981254688;PE;RIACHO DAS ALMAS
33.388.981/0001-45;ASSOCIACAO DE ASSISTENCIA E BENEFICIOS CENTRO-SUL;81982160246;PE;CABO DE SANTO AGOSTINHO
33.453.511/0001-18;ASSOCIACAO DE ASSISTENCIA E BENEFICIOS DE PERNAMBUCO;81987171101;PE;CAMARAGIBE
33.786.295/0001-22;ASSOCIACAO DE BENEFICIOS DIAMANTE;8131372222;PE;CARUARU
23.843.973/0001-98;ASSOCIACAO DE PROTECAO PATRIMONIAL - EXCLUSIVE GOLD;8141310045;PE;GRAVATA
41.756.523/0001-40;ASSOCIACAO DE PROTECAO PATRIMONIAL MUTUALISTA ADPV;81993291147;PE;SAO VICENTE FERRER
51.850.920/0001-30;ASSOCIACAO DE PROTECAO VEICULAR AUTOCAR BRASIL;81997122583;PE;CARUARU
41.288.381/0001-33;ASSOCIACAO DE SOCORRO MUTUO E BENEFICIOS ALLIANCA BRASIL;8121618068;PE;CARUARU
52.941.088/0001-40;ASSOCIACAO DE SOCORRO MUTUO E BENEFICIOS ELEVA;81995332259;PE;OLINDA
42.345.434/0001-73;ASSOCIACAO DE SOCORRO MUTUO VEICULAR E PATRIMONIAL - LOCALIZA GOLD;81991552319;PE;TIMBAUBA
38.279.711/0001-10;ASSOCIACAO DELTA DE PROTECAO VEICULAR;81997622707;PE;CARUARU
40.481.098/0001-60;ASSOCIACAO DO SOCORRO MUTUO CENTRAL;81998804512;PE;CHA GRANDE
10.976.153/0001-22;ASSOCIACAO DOS CAMINHONEIROS DO NORDESTE;8136215203;PE;CARPINA
58.519.606/0001-18;ASSOCIACAO FACIL PREV CLUBE DE BENEFICIOS;81992041001;PE;CARUARU
60.778.998/0001-81;ASSOCIACAO GRUPO PRIVADO SUPLEMENTAR DE AUTOGESTAO EM PROTECAO VEICULAR;81991506744;PE;MACAPARANA
60.777.527/0001-59;ASSOCIACAO MJ PROTECAO VEICULAR E ASSOCIADOS;81987927797;PE;RECIFE
60.252.982/0001-30;ASSOCIACAO PATRIA PROTEGE CAR RASTREAMENTO;81999747550;PE;GOIANA
31.122.171/0001-17;ASSOCIACAO PERNAMBUCANA DE VEICULOS - APV;81992618479;PE;BEZERROS
51.280.215/0001-44;ASSOCIACAO PREMIER PROTECAO VEICULAR;81996997751;PE;GLORIA DO GOITA
37.521.067/0001-81;ASSOCIACAO STARX DE PROTECAO VEICULAR DOS FUNCIONARIOS DAS INDUSTRIAS DE PERNAMBUCO E PARAIBA;81981657251;PE;GOIANA
51.529.703/0001-42;ATIVA AUTO - PROTECAO VEICULAR;87999287501;PE;CALCADO
32.087.092/0001-85;AUTO LIDER ASSOCIACAO DE BENEFICIOS;81989802067;PE;CARUARU
29.312.871/0001-22;AUTO VIP PROTECAO PATRIMONIAL MUTUALISTA;8131360086;PE;CARUARU
54.558.216/0001-04;AUTOCICLO PROTECAO VEICULAR ASSOCIADOS;87996083300;PE;LAJEDO
22.558.646/0001-21;AUTOFORT - ASSOCIACAO DE BENEFICIOS;81994348295;PE;CARUARU
51.074.954/0001-80;AUTOMOTOMAIS PROTECAO VEICULAR;81991072517;PE;TORITAMA
50.354.094/0001-75;B G BENEFICIOS;8131266182;PE;SANTA CRUZ DO CAPIBARIBE
31.543.953/0001-20;BRAVAX PROTEGE ASSOCIACAO DE SOCORRO MUTUO E BENEFICIOS;81997160006;PE;RECIFE
44.406.048/0001-70;EFFICIENCY BENEFICIOS E PROTECAO PATRIMONIAL MUTUALISTA;87998091169;PE;FLORESTA
31.561.351/0001-03;GRUPO MACHADO ASSOCIACAO DE BENEFICIOS MUTUOS;81987124826;PE;VITORIA DE SANTO ANTAO
60.240.305/0001-00;JG PROTECAO PATRIMONIAL MUTUALISTA;81982923366;PE;CUMARU
35.311.453/0001-13;MOTOCAR ASSOCIACAO DE BENEFICIOS;8131377195;PE;CARUARU
14.556.451/0001-14;MULTICAR PROTECAO PATRIMONIAL MUTUALISTA;8140072954;PE;GRAVATA
41.753.806/0001-38;PLURAL ASSOCIADOS;8137051000;PE;SANTA CRUZ DO CAPIBARIBE
27.603.496/0001-44;PRECISA ASSOCIADOS;8137220477;PE;CARUARU
33.650.041/0001-82;PRIME CLUBE DE BENEFICIOS;00999999999;PE;GARANHUNS
58.921.357/0001-92;PRIMOS PROTEGE - ASSOCIACAO DE PROTECAO PATRIMONIAL MUTUALISTA;81992697789;PE;CARUARU
57.546.084/0001-80;PROMASTER PROTECAO VEICULAR BRASIL;81997460909;PE;JOAO ALFREDO
33.944.095/0001-50;PROTECAR MAIS PROTECAO PATRIMONIAL MUTUALISTA;82996271546;PE;CATENDE
47.397.886/0001-12;PROTECTION CAR;87999999999;PE;ARCOVERDE
41.063.307/0001-19;PVP ASSOCIADOS;81999559090;PE;GRAVATA
33.851.061/0001-11;SEG TREVO - ASSOCIACAO DE PROTECAO VEICULAR;81982016933;PE;BEZERROS
36.272.004/0001-76;SEGUE FORTE ASSOCIADOS;81992664850;PE;JABOATAO DOS GUARARAPES
42.267.413/0001-87;SIGA BEM CLUBE DE BENEFICIOS;8136217326;PE;CARPINA
42.254.689/0001-20;SJS PROTECAO VEICULAR E CLUBE DE BENEFICIOS;8135230079;PE;CONDADO
49.219.036/0001-50;SM PROTECAO VEICULAR E CLUBE DE BENEFICIOS;81999640387;PE;RECIFE
23.658.018/0001-80;SOLIDUS ASSOCIACAO DE SOCORRO MUTUO E BENEFICIOS;8130300211;PE;PAULISTA
40.040.168/0001-45;TEC PROTECAO VEICULAR;8141151491;PE;CAMARAGIBE
60.133.884/0001-84;TOP PRESENCA ASSOCIADOS;81997580038;PE;CARUARU
57.320.451/0001-23;TORRE FORTE ASSOCIACAO DE PROTECAO PATRIMONIAL MUTUALISTA;8121613660;PE;CARUARU
60.067.143/0001-42;VS CLUBE DE BENEFICIOS;81999242878;PE;CARUARU
52.076.490/0001-03;ARCANJO PROTECAO VEICULAR;89999387168;PI;CRISTINO CASTRO
60.507.420/0001-90;ARAUCARIA ASSOCIACAO DE MUTUO, BENEFICIOS E PROTECAO VEICULAR;4626040229;PR;PATO BRANCO
58.073.882/0001-03;ASSOCIACAO ARCANJO;4130393309;PR;BOCAIUVA DO SUL
52.868.268/0001-43;ASSOCIACAO DE MOTORISTAS DE UMUARAMA E REGIAO;48998455015;PR;UMUARAMA
11.580.239/0001-02;ASSOCIACAO DE PROTECAO AOS TRANSPORTADORES RODOVIARIOS;4130390051;PR;SAO JOSE DOS PINHAIS
18.352.466/0001-11;ASSOCIACAO DE TRANSPORTE DE CARGA;4121088830;PR;SAO JOSE DOS PINHAIS
27.427.501/0001-05;ASSOCIACAO DOS AMIGOS DE SAO CRISTOVAO (AASC CLUB DE BENEFICIOS);4540200130;PR;CASCAVEL
22.764.212/0001-88;ASSOCIACAO DOS CAMINHONEIROS DA REGIAO OESTE DO PARANA - ESTEIO SUL BRASIL;45999841163;PR;CASCAVEL
75.036.210/0001-39;ASSOCIACAO DOS MAGISTRADOS DO PARANA;4130171611;PR;CURITIBA
07.690.915/0001-15;ASSOCIACAO DOS TRANSPORTADORES LEVES DO SUDOESTE DO PARANA - ATLS;4635240222;PR;FRANCISCO BELTRAO
07.217.389/0001-70;ASSOCIACAO DOS TRANSPORTADORES RODOVIARIOS DE FRANCISCO BELTRAO - ATB;4635244666;PR;FRANCISCO BELTRAO
22.976.873/0001-77;ASSOCIACAO E CLUBE DE ASSISTENCIA DOS PROPRIETARIOS DE VEICULOS DO SUL;4130445146;PR;CURITIBA
48.499.850/0001-02;ASSOCIACAO MUTUALISTA DE PROTECAO VEICULAR E BENEFICIOS;08000420629;PR;CAMBARA
39.846.006/0001-10;ASSOCIACAO MUTUALISTA VIA SUL PROTECAO VEICULAR;41984925655;PR;CURITIBA
30.695.048/0001-22;ASSOCIACAO PATRIMONIAL MUTUALISTA YOUCAR PREMIUM;31986933984;PR;CURITIBA
43.940.270/0001-95;ASSOOCIACAO DE BENEFICIOS DO PLANALTO NORTE - APROEST PLANALTO NORTE PROTECAO VEICULAR;48996279021;PR;RIO NEGRO
60.686.859/0001-28;AUTO GUARD BRASIL PROTECAO PATRIMONIAL MUTUALISTA;41996758816;PR;CURITIBA
48.025.895/0001-45;CLUBE INTELIGENTE DE PROTECAO PATRIMONIAL MUTUALISTA - CIPROV;41996067715;PR;CURITIBA
50.716.983/0001-35;COONECTA - ASSOCIACAO DE PROTECAO PATRIMONIAL MUTUALISTA;4121110401;PR;CURITIBA
50.707.391/0001-57;COONECTA TRUCK - ASSOCIACAO DE PROTECAO PATRIMONIAL MUTUALISTA;41987146721;PR;SAO JOSE DOS PINHAIS
47.584.543/0001-67;CRTRACK PROTECAO VEICULAR;41992673274;PR;CURITIBA
54.313.118/0001-07;EBPV PROTECAO VEICULAR;41998709735;PR;CURITIBA
53.730.353/0001-03;ESSENCIAL ASSOCIACAO DE MUTUOS BENEFICIOS;41984172222;PR;PONTAL DO PARANA
36.008.816/0001-09;GTI - GRUPO DE TRANSPORTADORES DO INTERIOR;42998490509;PR;GUARAPUAVA
54.482.231/0001-08;NOVASUL - ASSOCIACAO DE BENEFICIOS;48992177099;PR;UNIAO DA VITORIA
45.954.305/0001-70;PENSE PERTO BENEFICIOS E SOCORRO MUTUO;4121705000;PR;CURITIBA
39.364.531/0001-07;PIONEIRA PARANA ASSOCIACAO DE MUTUO, BENEFICIOS E PROTECAO VEICULAR;49999957571;PR;DOIS VIZINHOS
16.643.178/0001-90;PROTEV BRASIL;3131502529;PR;CURITIBA
61.584.613/0001-08;SAFY FOZ DO IGUACU BENEFICIOS E SOCORRO MUTUO;4531982645;PR;FOZ DO IGUACU
47.301.194/0001-29;SETTI ASSOCIACAO VEICULAR;44999053310;PR;MARINGA
51.671.842/0001-06;SILVER CAR PROTECAO VEICULAR;4431421772;PR;MARINGA
29.675.698/0001-27;SMART DRIVER BENEFICIOS E PROTECAO PATRIMONIAL MUTUALISTA;4130853636;PR;CURITIBA
41.858.828/0001-62;SOMAR CLUBE DE BENEFICIOS E SOCORRO MUTUO - ASSOCIACAO DE GRUPOS SOLIDARIOS E CATEGORIZADOS - SOMAR BENEFICIOS ASSOCIATIVOS;4533220776;PR;CASCAVEL
55.248.230/0001-66;TK PROTEC PROTECAO PATRIMONIAL MUTUALISTA;41998060563;PR;SAO JOSE DOS PINHAIS
54.619.463/0001-65;TR PROTECAO VEICULAR;4132841110;PR;QUATRO BARRAS
29.626.863/0001-50;UNISUL BRASIL - UNIAO DOS PROPRIETARIOS DE VEICULOS AUTOMOTORES DO SUL;41996908204;PR;CURITIBA
30.558.293/0001-98;AIRO CLUBE DE BENEFICIOS E PROTECAO MUTUALISTA;2121359316;RJ;RIO DE JANEIRO
21.084.172/0001-60;ALIANCE BRASIL BENEFICIOS E PROTECAO PATRIMONIAL MUTUALISTA;2140422442;RJ;RIO DE JANEIRO
35.978.058/0001-99;AMD BRASIL - ASSOCIACAO BRASILEIRA DE CONDUTORES DE VEICULOS;24999311414;RJ;VOLTA REDONDA
60.846.891/0001-23;ANPV BRASIL MAIS CLUBE DE BENEFICIOS;2135836320;RJ;NITEROI
43.828.955/0001-44;APROVES - ASSOCIACAO DE PROTECAO VEICULAR ESPECIALIZADA;2137553070;RJ;NOVA IGUACU
44.116.196/0001-50;AQUILA ASSOCIACAO DE BENEFICIOS MUTUOS;21969333138;RJ;RIO DE JANEIRO
49.182.333/0001-78;ASSOCIACAO ATTENTO BENEFICIOS E SOCORRO MUTUO;21984256273;RJ;RIO DE JANEIRO
22.646.592/0001-56;ASSOCIACAO AVANTAGE BENEFICIOS CLUB;2122132977;RJ;RIO DE JANEIRO
50.905.094/0001-16;ASSOCIACAO BENLEVE DE PROTECAO E BENEFICIOS;2132519400;RJ;RIO DE JANEIRO
59.061.464/0001-50;ASSOCIACAO BRASILEIRA DE CONDUTORES DE VEICULOS GRAND BRASIL;21970448836;RJ;NILOPOLIS
17.937.155/0001-51;ASSOCIACAO CARIOCA DE BENEFICIOS MUTUOS;2126882023;RJ;RIO DE JANEIRO
52.962.857/0001-96;ASSOCIACAO DE BENEFICIOS PARA ENTREGADORES E MOTOCICLISTAS DO ESTADO DO RIO DE JANEIRO - ABEM;21990439796;RJ;RIO DE JANEIRO
29.314.883/0001-96;ASSOCIACAO DE BENEFICIOS PRATIC ABM;2134355722;RJ;DUQUE DE CAXIAS
35.802.510/0001-67;ASSOCIACAO DE BENEFICIOS PRATICA;21964447295;RJ;NOVA IGUACU
52.459.183/0001-01;ASSOCIACAO DE MOTORISTAS DE APLICATIVOS DO ESTADO DO RIO DE JANEIRO SOCORRO MUTUO - AMARJ;21983425735;RJ;NOVA IGUACU
49.053.133/0001-15;ASSOCIACAO DE PROPRIETARIOS DE VEICULOS CARTRAC E PROTECAO PATRIMONIAL MUTUALISTA;2139368044;RJ;RIO DE JANEIRO
46.448.439/0001-82;ASSOCIACAO DE PROTECAO E BENEFICIO AO PROPRIETARIO DE VEICULO - PRIVATE PROTECAO VEICULAR;21971807201;RJ;NILOPOLIS
46.057.099/0001-69;ASSOCIACAO DE PROTECAO E BENEFICIO AO PROPRIETARIO DE VEICULOS PROTEGE BRASIL;2127527804;RJ;SAO JOAO DE MERITI
50.974.144/0001-17;ASSOCIACAO DE PROTECAO PATRIMONIAL PARA MOTORISTAS DE APLICATIVO PRATICCAR;2137434950;RJ;RIO DE JANEIRO
50.366.503/0001-53;ASSOCIACAO DISTACK CLUBE DE BENEFICIOS DO BRASIL;2126571703;RJ;NOVA IGUACU
52.456.026/0001-42;ASSOCIACAO GENERAL BRASIL CLUBE DE BENEFICIOS;21965754405;RJ;DUQUE DE CAXIAS
55.470.476/0001-88;ASSOCIACAO GRAN PRIME MAIS;2126690000;RJ;NOVA IGUACU
30.980.413/0001-40;ASSOCIACAO NEW ASSIST CLUBE DE BENEFICIOS;2126955411;RJ;NOVA IGUACU
61.861.356/0001-04;ASSOCIACAO PREMIUM SERVICES PROTECAO MUTUAL;21967662525;RJ;RIO DE JANEIRO
30.217.563/0001-05;ASSOCIACAO QUALIAUTO DE BENEFICIOS E PROTECAO PATRIMONIAL;2126876907;RJ;RIO DE JANEIRO
44.572.339/0001-38;ASSOCIACAO SAFE BENEFICIOS MUTUOS DE PROTECAO VEICULAR;2132693886;RJ;DUQUE DE CAXIAS
28.881.731/0001-02;ASSOCIACAO TOP RIO DE PROTECAO PATRIMONIAL MUTUALISTA;2130167814;RJ;RIO DE JANEIRO
55.990.375/0001-38;ATIVA BRASIL CLUBE DE BENEFICIOS;1140035547;RJ;DUQUE DE CAXIAS
30.890.606/0001-00;ATOM AUTOGESTAO DE RISCOS PATRIMONIAIS;21979165044;RJ;RIO DE JANEIRO
51.494.064/0001-27;BETEL ASSOCIACAO DE BENEFICIOS MUTUOS DA REGIAO METROPOLITANA DO RIO DE JANEIRO;2122037896;RJ;DUQUE DE CAXIAS
45.252.166/0001-33;DINAMO CLUBE DE BENEFICIOS;21986174148;RJ;ITAGUAI
12.461.481/0001-11;FACILITY ASSOCIACAO DOS EVANGELICOS E MILITARES PROPRIETARIOS DE VEICULOS DO RIO DE JANEIRO;2132776194;RJ;NOVA IGUACU
56.349.013/0001-25;GADE CLUBE DE BENEFICIOS;21964190680;RJ;RIO DE JANEIRO
26.205.478/0001-41;GOLDEN CAR CLUBE DE BENEFICIOS E PROTECAO VEICULAR PARA PROPRIETARIOS DE VEICULOS;2138257741;RJ;RIO DE JANEIRO
39.149.278/0001-60;GRUPO XEREM - ASSOCIACAO DE PROTECAO PATRIMONIAL MUTUALISTA;2127836348;RJ;DUQUE DE CAXIAS
42.063.169/0001-30;IMPETU ASSOCIACAO DE BENEFICIOS E PROTECAO PATRIMONIAL MUTUALISTA;2139001704;RJ;RIO DE JANEIRO
23.730.493/0001-10;INVICTA-ASSOCIACAO DE PROTECAO VEICULAR E SERVICOS SOCIAIS;2126672555;RJ;QUEIMADOS
32.525.445/0001-81;LAGAR CLUBE DE BENEFICIOS MUTUOS;21975680148;RJ;SAO JOAO DE MERITI
36.260.433/0001-23;NACAO RUBRO NEGRA PROTECAO VEICULAR;2135206016;RJ;RIO DE JANEIRO
35.394.727/0001-85;NINEX BRASIL PROTECAO PATRIMONIAL MUTUALISTA;2135563531;RJ;RIO DE JANEIRO
27.038.749/0001-84;PACTUAL ASSOCIACAO DE BENEFICIOS MUTUOS;2126955783;RJ;NOVA IGUACU
47.080.669/0001-02;PETROCAR BENEFICIOS MUTUOS;2136205873;RJ;RIO DE JANEIRO
30.758.594/0001-65;PLANET PROTECAO PATRIMONIAL MUTUALISTA;2124168017;RJ;RIO DE JANEIRO
46.603.287/0001-45;PONTUAL CLUBE DE BENEFICIOS;21964100646;RJ;RIO DE JANEIRO
52.489.938/0001-10;PRECISA BENEFICIOS MUTUOS E ASSITENCIA;21988497043;RJ;NOVA IGUACU
40.099.288/0001-18;PRINCIPIO ASSOCIACAO DE PROTECAO VEICULAR;2134906979;RJ;RIO DE JANEIRO
59.034.716/0001-52;PRO AMERICAN - PROTECAO VEICULAR E BENEFICIOS MULTIPLOS DOS CRISTAOS MILITARES E PROPRIETARIOS DE VEICULOS;21985757514;RJ;RIO DE JANEIRO
53.979.333/0001-70;RENOVA ASSOCIACAO DE BENEFICIOS;21987434620;RJ;DUQUE DE CAXIAS
23.398.477/0001-72;RIOBEN - ASSOCIACAO DE PROTECAO PATRIMONIAL MUTUALISTA;2124211608;RJ;RIO DE JANEIRO
50.712.692/0001-79;SELECTCAR ASSOCIACAO DE PROTECAO VEICULAR E SERVICOS SOCIAIS;21982336447;RJ;RIO DE JANEIRO
41.669.968/0001-92;SIM ASSOCIACAO DE BENEFICIOS MUTUOS;21989151891;RJ;SAO GONCALO
57.775.373/0001-51;SIMPLE CLUBE DE BENEFICIOS;21967354238;RJ;NOVA IGUACU
57.298.396/0001-12;TOTAL UP ASSOCIACAO DE PROTECAO VEICULAR DE MOTORISTAS DE APLICATIVO DO RIO DE JANEIRO E REGIAO;21989179417;RJ;RIO DE JANEIRO
42.772.272/0001-50;TRANSITE BENEFICIOS E SOCORRO MUTUO;21964821335;RJ;DUQUE DE CAXIAS
53.534.130/0001-70;TRANSITE BRASIL BENEFICIOS E SOCORRO MUTUO;21979696609;RJ;DUQUE DE CAXIAS
33.667.507/0001-52;TRIUNFO ASSOCIACAO DE BENEFICIOS;21964828238;RJ;DUQUE DE CAXIAS
40.127.861/0001-50;UNITRACKER CLUBE DE BENEFICIOS MUTUOS;21972524493;RJ;RIO DE JANEIRO
29.226.785/0001-05;VALE - ASSOCIACAO DE PROTECAO PATRIMONIAL MUTUALISTA;21973354174;RJ;DUQUE DE CAXIAS
57.359.171/0001-29;WISE PROTECTION CLUBE DE BENEFICIOS MUTUOS;21967736452;RJ;NILOPOLIS
34.668.191/0001-86;ASSOCIACAO DE BENEFICIOS TRANSPORTES E SERVICOS TERRESTRES;8431132657;RN;NATAL
37.448.285/0001-38;ASSOCIACAO DE SOCORRO MUTUO MOTO SEGURANCA;8422261111;RN;NATAL
24.071.804/0001-40;GRUPO MAIS ASSOCIADOS;81999580623;RN;MOSSORO
29.257.886/0001-35;MAIS BRASIL ASSOCIADOS;8433221611;RN;NATAL
31.471.431/0001-60;MASTER MAIS VEICULAR E BENEFICIOS;8433176160;RN;MOSSORO
27.012.088/0001-18;PENSAR CLUBE DE BENEFICIOS;8430134747;RN;NATAL
50.804.448/0001-36;PROVALE BENEFICIOS E PROTECAO PATRIMONIAL MUTUALISTA;84999383066;RN;ASSU
54.441.972/0001-40;PROVARE ASSOCIACAO ASSISTENCIAL;8440421540;RN;NATAL
51.244.244/0001-50;SOS BENEFICIOS E SOCORRO MUTUO;84994940220;RN;NATAL
54.865.378/0001-87;SUA TOTAL PROTECAO VEICULAR;8421314828;RN;NATAL
59.377.019/0001-02;TECNOVA ASSOCIACAO;84987343958;RN;GOIANINHA
15.605.340/0001-13;APROCCAR - ASSOCIACAO DOS PROPRIETARIOS DE CARROS E CAMINHONETES DE RONDONIA;6933227159;RO;VILHENA
28.020.494/0001-95;ASSOCIACAO CLUBE DE BENEFICIOS DUNORTE TRUCK;69984739836;RO;VILHENA
09.338.836/0001-75;ASSOCIACAO DOS PROPRIETARIOS DE CAMINHOES DO NORTE;6933216060;RO;VILHENA
45.351.860/0001-08;DUKAR PROTECAO PATRIMONIAL MUTUALISTA;69993002552;RO;PORTO VELHO
47.879.963/0001-70;APROSSIL - ASSOCIACAO DE PROPRIETARIOS DE CAMINHOES DO SUL DO BRASIL;4831921819;RS;MONTENEGRO
32.854.302/0001-13;ASSOCIACAO DE MUTUO DOS MOTORISTAS AUTONOMOS;54991928670;RS;CAXIAS DO SUL
08.948.448/0001-43;ASSOCIACAO DE PROTECAO DE VEICULOS DE TRANSPORTES DE MARAU;5433429700;RS;MARAU
47.799.434/0001-67;ASSOCIACAO DE PROTECAO E SERVICOS CLUBE SUL MAIS;51993702480;RS;VIAMAO
48.954.426/0001-00;ASSOCIACAO DE PROTECAO PATRIMONIAL MUTUALISTA - OURO CAR;51999111427;RS;PORTO ALEGRE
12.682.833/0001-69;ASSOCIACAO DOS PROPRIETARIOS DE CAMINHOES SAO JOSE;5136672777;RS;TRES CACHOEIRAS
10.269.662/0001-15;ASSOCIACAO DOS TRANSPORTADORES DE MARAU E REGIAO;5433425587;RS;MARAU
09.943.602/0001-57;ASSOCIACAO DOS TRANSPORTADORES DO NORDESTE DO RIO GRANDE DO SUL;5433522149;RS;SAO JOSE DO OURO
32.625.777/0001-38;ASSOCIACAO GAUCHA DE BENEFICIOS E ASSISTENCIA VEICULAR - AGAUCHA;51991555454;RS;GRAVATAI
42.872.942/0001-00;ASSOCIACAO MUTUALISTA PATRIMONIAL - MAXX AUTOPRO;51998220123;RS;PORTO ALEGRE
56.150.230/0001-91;ASSOCIACAO YELLOW+ CLUBE DE BENEFICIOS;54999502662;RS;PASSO FUNDO
37.208.662/0001-61;AUTO PROJETA SUL PROTECAO VEICULAR;51998943113;RS;GRAVATAI
59.009.661/0001-20;AUTOREAL CLUBE DE BENEFICIOS;5133007337;RS;PORTO ALEGRE
52.761.557/0001-49;BRASILSUL PROTECAO VEICULAR E BENEFICIOS;4830524321;RS;IGREJINHA
58.354.131/0001-57;GARUPA PROTEGE;4731705632;RS;PORTO ALEGRE
55.624.815/0001-33;GRAMADENSE ASSOCIACAO DE BENEFICIOS;54981023434;RS;GRAMADO
47.628.247/0001-10;HANTER ASSOCIACAO DE BENEFICIOS E PROTECAO VEICULAR;51991625637;RS;PORTO ALEGRE
61.136.872/0001-76;MAIS PROSUL RS;48991072658;RS;VACARIA
45.196.670/0001-63;MAXXI AUTO ASSOCIACAO E CLUBE DE BENEFICIOS;51997956715;RS;CACHOEIRINHA
35.109.691/0001-40;PLANALTO ASSOCIACAO DE BENEFICIOS;5433130458;RS;PASSO FUNDO
49.259.947/0001-00;SUPREMA ASSOCIACAO DE BENEFICIOS;54991619786;RS;CANELA
33.346.622/0001-25;A CATARINENSE ASSOCIACAO DE BENEFICIOS E ASSISTENCIA VEICULAR;4832436396;SC;SAO JOSE
48.205.624/0001-71;A.P.P.U ASSOCIACAO DE PROTECAO PATRIMONIAL UNIAUTO;4734331785;SC;JOINVILLE
25.228.856/0001-40;ABRANGE CLUBE DE BENEFICIOS E PROTECAO VEICULAR;4730412744;SC;BLUMENAU
21.109.619/0001-09;ACAPREV - ASSOCIACAO CATARINENSE DE PROTECAO PATRIMONIAL MUTUALISTA;4836585521;SC;BRACO DO NORTE
37.753.832/0001-99;ALLIANCA ASSOCIACAO DE BENEFICIOS;4836550568;SC;SANGAO
34.704.663/0001-09;AMUTUAL ASSOCIACAO DE BENEFICIOS;4836216717;SC;TUBARAO
32.215.673/0001-55;APROBEN - ASSOCIACAO DE PROTECAO VEICULAR E BENEFICIOS;48999113037;SC;CRICIUMA
20.981.190/0001-82;APROV - ASSOCIACAO DE PROTECAO PATRIMONIAL MUTUALISTA E BENEFICIOS DA REGIAO SUL DE SANTA CATARINA;4836221496;SC;TUBARAO
18.604.562/0001-00;ASSOCIACAO AMIGOS DA REGIAO SUL;4836235065;SC;CAPIVARI DE BAIXO
41.501.608/0001-87;ASSOCIACAO DE BENEFICIOS - PRO TEK;48999585893;SC;BRACO DO NORTE
31.197.869/0001-00;ASSOCIACAO DE BENEFICIOS E PROTECAO PATRIMONIAL DO SUL DO BRASIL;4733225678;SC;BLUMENAU
23.696.592/0001-23;ASSOCIACAO DE DESENVOLVIMENTO DOS AMIGOS DE SANTA CATARINA;4832869552;SC;PALHOCA
52.728.765/0001-46;ASSOCIACAO DE MULTIPLOS BENEFICIOS - ASSOL;48999630271;SC;LAGUNA
23.721.342/0001-04;ASSOCIACAO DE PROTECAO PATRIMONIAL - UNIAO;4733055600;SC;ITAJAI
30.057.201/0001-96;ASSOCIACAO DOS AMIGOS, MOTORISTAS E TRANSPORTADORES RODOVIARIOS DA REGIAO SUL;48988565040;SC;TUBARAO
50.705.869/0001-00;ASSOCIACAO DOS MOTORISTAS DA REGIAO DE ARARANGUA/SC;48991088888;SC;ARARANGUA
50.688.170/0001-89;ASSOCIACAO DOS MOTORISTAS DE TUBARAO/SC E REGIAO;48988452217;SC;TUBARAO
50.377.516/0001-28;ASSOCIACAO DOS MOTORISTAS DO PLANALTO CATARINENSE;4931911477;SC;LAGES
26.488.558/0001-51;ASSOCIACAO DOS PROPRIETARIOS DE AUTOMOVEL DA REGIAO SUL DE SANTA CATARINA;4836550259;SC;JAGUARUNA
12.227.331/0001-48;ASSOCIACAO DOS PROPRIETARIOS DE CAMINHOES DO ALTO VALE DO RIO DO PEIXE - APROCARP;4932460764;SC;FRAIBURGO
13.293.929/0001-06;ASSOCIACAO DOS PROPRIETARIOS DE CAMINHOES DO PLANALTO NORTE DE SANTA CATARINA;4736342665;SC;SAO BENTO DO SUL
08.474.167/0001-04;ASSOCIACAO DOS PROPRIETARIOS DE VEICULOS DE SANTA CATARINA;4730578282;SC;BLUMENAU
49.915.767/0001-30;ASSOCIACAO DOS PROPRIETARIOS DE VEICULOS POPULARES DA REGIAO METROPOLITANA DE CRICIUMA;4834201950;SC;CRICIUMA
49.875.139/0001-78;ASSOCIACAO DOS PROPRIETARIOS DE VEICULOS POPULARES DA REGIAO METROPOLITANA DE JARAGUA DO SUL;4734402666;SC;JARAGUA DO SUL
37.492.262/0001-20;ASSOCIACAO FILANTROPICA E DE AUXILIO MUTUO SCUT;47992898494;SC;TIJUCAS
47.310.470/0001-15;ASSOCIACAO INVEST BENEFICIOS - IBEN;4831990600;SC;CAPIVARI DE BAIXO
37.244.879/0001-27;ASSOCIACAO MAIS AUTO PROTECAO VEICULAR;4834632152;SC;FORQUILHINHA
30.903.115/0001-57;ASSOCIACAO MULTIVEICULAR DE BENEFICIOS DE SANTA CATARINA;4830585708;SC;SAO JOSE
32.628.287/0001-95;ASSOCIACAO MUTUA DE BENEFICIOS MAIS SUL DE SANTA CATARINA;4834665167;SC;TUBARAO
32.676.669/0001-94;ASSOCIACAO MUTUALISTA DE AUTOGESTAO DE BENEFICIOS BRASIL CAR;48996025692;SC;BRACO DO NORTE
31.553.778/0001-51;ASSOCIACAO MUTUALISTA DE AUTOGESTAO DE BENEFICIOS E PROTECAO VEICULAR - AMABEP;4833025075;SC;TUBARAO
33.496.095/0001-35;ASSOCIACAO MUTUALISTA DE AUTOGESTAO DE BENEFICIOS FORTE;4836267675;SC;TUBARAO
25.530.373/0001-03;BENEFICIAR - ASSOCIACAO DE BENEFICIO FAMILIAR;4836264994;SC;TUBARAO
33.516.836/0001-00;CLUBE DE BENEFICIOS E ASSISTENCIA APROVILLE;4732788802;SC;JOINVILLE
61.058.746/0001-40;CLUBE FORTE ASSOCIACAO DE BENEFICIOS;48996979948;SC;LAURO MULLER
35.830.651/0001-93;CONFIANCA ASSOCIACAO DE MUTUO BENEFICIOS E PROTECAO VEICULAR;47997409608;SC;SAO FRANCISCO DO SUL
38.076.615/0001-74;DEFEND - BENEFICIOS E ASSISTENCIA;48996030127;SC;FLORIANOPOLIS
30.667.079/0001-70;FUTURA ASSOCIACAO DE BENEFICIOS E PROTECAO PATRIMONIAL MUTUALISTA;4835244513;SC;ARARANGUA
29.684.557/0001-70;GERACAO ASSOCIACAO DE MUTUO E BENEFICIOS;48996254545;SC;FLORIANOPOLIS
34.994.324/0001-04;GOLD ASSOCIACAO DE BENEFICIOS;48999870086;SC;BRACO DO NORTE
37.608.883/0001-27;GRUPO ASSOCIACAO DE MUTUO BENEFICIOS E PROTECAO VEICULAR;48998430098;SC;TUBARAO
37.586.072/0001-72;GRUPO TRUCK ASSOCIACAO DE MUTUO BENEFICIOS E PROTECAO VEICULAR;48999296964;SC;TUBARAO
47.326.161/0001-33;GUARDIOES CLUBE DE BENEFICIOS;47996556390;SC;BLUMENAU
42.092.229/0001-43;IGOL BRASIL ASSOCIACAO DE BENEFICIOS E ASSISTENCIA FAMILIAR;5135937244;SC;JOINVILLE
30.152.570/0001-68;INOVARY ASSOCIACAO DE AMIGOS E BENEFICIOS;49991290334;SC;SAO JOAQUIM
53.031.348/0001-02;LEAL ASSOCIACAO DE SOCORRO MUTUO E BENEFICIOS;4732889020;SC;BLUMENAU
51.046.452/0001-45;MONTCAR ASSOCIACAO DE PROTECAO PATRIMONIAL MUTUALISTA;4837714735;SC;PALHOCA
31.567.986/0001-00;PIONEIRA ASSOCIACAO DE MUTUO, BENEFICIOS E PROTECAO VEICULAR;49999407692;SC;CACADOR
32.851.187/0001-23;POLOSUL ASSOCIACAO DE MUTUO, BENEFICIOS E PROTECAO VEICULAR;4732783967;SC;JOINVILLE
36.279.365/0001-44;PRESTATIVA ASSOCIACAO DE BENEFICIOS;4831990089;SC;TUBARAO
47.788.341/0001-37;PROTBIKE ASSOCIACAO DE BENEFICIOS DE SANTA CATARINA;48999724814;SC;SAO JOSE
58.064.111/0001-41;PROTECT MAXX ASSOCIACAO MUTUALISTA DE BENEFICIOS E ASSISTENCIA;47996531287;SC;BLUMENAU
43.901.918/0001-14;PROTEGE SC - ASSOCIACAO DE BENEFICIOS;48999845109;SC;ORLEANS
31.389.733/0001-93;REALVALE ASSOCIACAO DE PROTECAO PATRIMONIAL MUTUALISTA;47988264409;SC;BLUMENAU
44.139.240/0001-47;RENOVA ASSOCIACAO DE BENEFICIOS E PROTECAO VEICULAR;4836282064;SC;TUBARAO
25.113.569/0001-94;SOLUCAO ASSOCIACAO DE BENEFICIOS DE SANTA CATARINA - SABESC;4821323939;SC;SAO JOSE
34.565.524/0001-41;SUPORTE ASSOCIACAO DE MUTUO, BENEFICIOS E PROTECAO VEICULAR;4930261466;SC;CHAPECO
30.888.568/0001-51;UNILAGES ASSOCIACAO DE MUTUO, BENEFICIOS E PROTECAO VEICULAR;4930195005;SC;LAGES
59.258.964/0001-87;UNIPROVE ASSOCIACAO MUTUALISTA DE AUTOGESTAO PATRIMONIAL;49988568971;SC;CHAPECO
37.512.776/0001-09;VALE BRASIL ASSOCIACAO DE MUTUO BENEFICIOS E PROTECAO VEICULAR;4733001554;SC;RIO DO SUL
33.780.400/0001-16;VEEM - ASSOCIACAO MUTUA DE BENEFICIOS DE SANTA CATARINA;4835121400;SC;ICARA
38.194.419/0001-02;VIA MUTUA ASSOCIACAO DE BENEFICIOS;4733067070;SC;BLUMENAU
31.250.219/0001-72;ACESSO CLUBE SERGIPE - ASSOCIACAO DE PROTECAO VEICULAR;79999991615;SE;ARACAJU
51.761.296/0001-02;ASSOCIACAO AGRESTE SERGIPANO DE SOCORRO MUTUO;79998222994;SE;ITABAIANA
35.371.942/0001-60;ASSOCIACAO AUTO MAIS DE BENEFICIOS;7932121125;SE;ARACAJU
47.984.477/0001-12;ASSOCIACAO DE SOCORRO MUTUO, PROTECAO PATRIMONIAL E CLUBE DE BENEFICIOS SERIGY;79998307267;SE;ARACAJU
40.220.404/0001-05;ASSOCIACAO E CLUBE DE APOIO AOS PROPRIETARIOS DE VEICULOS DA REGIAO NORDESTE;79996648788;SE;ARACAJU
51.712.184/0001-53;ASSOCIACAO GUARDIOES DE SOCORRO MUTUO E PROTECAO PATRIMONIAL MUTUALISTA;79988487712;SE;ARACAJU
55.526.257/0001-73;ASSOCIACAO IDEAL CLUBE DE BENEFICIOS;79999666396;SE;LAGARTO
32.324.551/0001-05;ASSOCIACAO RONDUSERGI DE AUTO PROTECAO VEICULAR;7930260004;SE;ARACAJU
58.434.603/0001-81;COOPERATIVA DE CONSUMO DOS CONDUTORES DE VEICULOS E DETENTORES DE PATRIMONIO DO NORDESTE - MASTER NORDESTE AUTOS & TRUCKS;7930855465;SE;ARACAJU
38.125.271/0001-46;PRADO - ASSOCIACAO DE CONDUTORES DE VEICULOS AUTOMOTORES DO ESTADO DE SERGIPE;79998707854;SE;ITABAIANA
47.327.792/0001-77;SIGA MAIS PROTECAO VEICULAR;7933034100;SE;ARACAJU
16.887.058/0001-39;AEIG ASSOCIACAO DOS EMPREENDEDORES INDIVIDUAIS;11999777777;SP;GUARULHOS
50.072.562/0001-19;ANELAR MUTUAL PROTECAO VEICULAR;11977556760;SP;JUNDIAI
31.784.215/0001-74;ASSOCIACAO BRASILEIRA DE TRANSPORTADORES DE SAO PAULO;1335918207;SP;SANTOS
41.455.481/0001-07;ASSOCIACAO CLUBE DE PROTECAO VEICULAR BRASILEIRA;17991668618;SP;CATANDUVA
38.730.665/0001-23;ASSOCIACAO DE BENEFICIOS UNNISEG;1120688877;SP;RIBEIRAO PRETO
31.145.944/0001-80;ASSOCIACAO DE PROTECAO AO VEICULO AUTOMOTOR E BENEFICIOS DE CAMPINAS E REGIAO;1932916349;SP;CAMPINAS
10.673.827/0001-10;ASSOCIACAO DE PROTECAO DAS EMPRESAS DE TRANSPORTE DE CARGA;1122936969;SP;SAO PAULO
45.740.471/0001-74;ASSOCIACAO DE PROTECAO E ASSISTENCIA VEICULAR IMPACTO BRASIL;1127275429;SP;SAO PAULO
40.693.405/0001-77;ASSOCIACAO DE PROTECAO VEICULAR GRUPO SANTA FE;19994903937;SP;MOGI MIRIM
45.826.473/0001-80;ASSOCIACAO DOS TRABALHADORES AUTONOMOS DA REGIAO DE JAU;1431410687;SP;JAU
11.812.704/0001-85;ASSOCIACAO DOS TRANSPORTADORES DE CARGAS DE SAO JOSE DO RIO PRETO;1733014931;SP;SAO JOSE DO RIO PRETO
21.474.774/0001-24;ASSOCIACAO DOS TRANSPORTADORES RODOVIARIOS DE CARGAS DE MOGI GUACU- ATRC-;1938041926;SP;MOGI GUACU
52.914.444/0001-36;ASSOCIACAO MUTUA DE BENEFICIOS LIBERTTY BRASIL;1139392359;SP;SAO CAETANO DO SUL
22.581.056/0001-10;ASSOCIACAO NACIONAL DOS CAMINHONEIROS;1127763430;SP;SAO PAULO
60.789.267/0001-31;ASSOCIACAO PAULISTA DOS TRANSPORTADORES - APTRANS;34998814004;SP;CAMPINAS
59.934.941/0001-45;ASSOCIACAO RIBEIRAO PRETO DE PROTECAO VEICULAR;84997006658;SP;RIBEIRAO PRETO
36.830.368/0001-24;ASSOCIACAO SIGGA DE PROTECAO AUTOMOTIVA;11982414969;SP;SAO PAULO
50.938.507/0001-69;ASSOCIACAO TIGUAN PROTECAO VEICULAR EM BENEFICIO AO PROPRIETARIO DE VEICULOS;1154238376;SP;BRAGANCA PAULISTA
31.439.679/0001-43;ATOS ASSOCIADOS;1146806676;SP;SAO BERNARDO DO CAMPO
54.825.665/0001-63;BRAZILIAN TRACKER - PROTECAO VEICULAR;1146164560;SP;COTIA
42.948.270/0001-79;CLUBE ALPHA;3132412113;SP;BARUERI
30.494.734/0001-35;CLUBE DE BENEFICIOS MULTI;1155557691;SP;COTIA
59.190.446/0001-79;CONFIANCE PROTECAO PATRIMONIAL MUTUALISTA E BENEFICIOS;19992740063;SP;CAMPINAS
52.922.480/0001-41;DIELO;5133007196;SP;SAO PAULO
57.412.698/0001-70;DS - ASSOCIACAO DE PROTECAO PATRIMONIAL MUTUALISTA;1633258090;SP;RIBEIRAO PRETO
43.626.155/0001-40;FUSION ASSOCIACAO DE PROTECAO PATRIMONIAL MUTUALISTA;1239391910;SP;SAO BERNARDO DO CAMPO
47.836.600/0001-58;G A ASSOCIACAO DE PROTECAO MUTUALISTA;1735249399;SP;CATANDUVA
59.035.703/0001-06;LABELVIEW ASSOCIACAO MUTUALISTA DE PROTECAO VEICULAR;11966118081;SP;SAO PAULO
44.831.274/0001-06;LIB TRUCK PROTECTION BENEFICIOS E SOCORRO MUTUO;1151019000;SP;SAO PAULO
61.589.895/0001-36;LOGOS ASSOCIACAO DE PROTECAO PATRIMONIAL MUTUALISTA;1138553439;SP;ATIBAIA
49.655.375/0001-89;LOYALTY PROTECAO VEICULAR;11997521167;SP;BRAGANCA PAULISTA
51.552.298/0001-83;MELOCALIZA PROTECAO VEICULAR;1151957788;SP;SAO PAULO
54.886.028/0001-05;MORIA BENEFICIOS E PROTECAO PATRIMONIAL MUTUALISTA;19991935953;SP;HORTOLANDIA
47.965.781/0001-12;MYLINK BENEFICIOS E PROTECAO PATRIMONIAL MUTUALISTA;1140043146;SP;SAO PAULO
53.464.391/0001-61;PLATAFORMA DE BENEFICIOS AOS MOTORISTAS E PROPRIETARIOS DE VEICULOS - ATUARE;1131956485;SP;SAO PAULO
50.694.933/0001-02;PLUS AUTO - ASSOCIACAO DE PROTECAO PATRIMONIAL MUTUALISTA;3140427610;SP;SAO PAULO
55.759.814/0001-04;PROSSEG ASSOCIACAO DE BENEFICIOS;12997244794;SP;SAO JOSE DOS CAMPOS
52.184.107/0001-30;PROTEGE MAIS BENEFICIOS E PROTECAO PATRIMONIAL MUTUALISTA;1934082600;SP;AMERICANA
58.051.306/0001-57;REALIX BENEFICIOS E PROTECAO PATRIMONIAL MUTUALISTA;1151396825;SP;JUNDIAI
30.510.337/0001-00;SEGURE ASSOCIACAO DE PROTECAO VEICULAR E BENEFICIOS;1937225985;SP;CAMPINAS
33.419.001/0001-24;SKYCAR PROTECAO VEICULAR;1126880081;SP;GUARULHOS
60.246.029/0001-80;SOROGUARD ASSOCIACAO MUTUALISTA DE AUTOGESTAO PATRIMONIAL;1140245437;SP;ITU
58.420.470/0001-94;STOP TRUCK BRASIL;11986230297;SP;SAO BERNARDO DO CAMPO
51.980.634/0001-99;UNIK PROTEGE;1158425669;SP;SAO PAULO
46.382.477/0001-80;UNNI PROTECAO VEICULAR;1940428538;SP;PIRACICABA
47.819.798/0001-61;UZZECAR;1735120099;SP;SAO JOSE DO RIO PRETO
51.057.638/0001-08;ASSOCIACAO DE SOCORRO MUTUO UNIAO;6334131154;TO;ARAGUAINA
23.183.165/0001-41;ASSOCIACAO DOS PROPRIETARIOS DE VEICULOS AUTOMOTORES DO BRASIL - MOVCAR;63992996439;TO;PALMAS
18.205.068/0001-72;ASSOCIACAO DOS PROPRIETARIOS E CONDUTORES DE VEICULOS LEVES E PESADOS DO CENTRO SUL DO BRASIL;6332162002;TO;PALMAS
22.727.252/0001-50;NORTE SUL SOCORRO MUTUO;6332150995;TO;PALMAS
43.903.305/0001-16;NSA PROTECAO VEICULAR ASSOCIACAO DOS CONDUTORES DE VEICULOS AUTOMOTORES DO BRASIL;63999477919;TO;PALMAS
58.303.877/0001-31;ZENPLA SEGUROS S.A.;1143612535;CE;FORTALEZA
50.428.904/0001-90;ARCA SEGURADORA S.A;2733006888;ES;VITORIA
21.242.451/0001-05;EQ SEGUROS S/A;6235726006;GO;GOIANIA
48.419.605/0001-48;CICLLOS SEGURADORA S.A;3432369899;MG;UBERLANDIA
55.810.384/0001-08;COBUCCIO SEGUROS S.A.;3535732600;MG;MONTE BELO
10.423.158/0001-28;PROMASS CORRETORA DE RESSEGUROS LTDA;3132796100;MG;BELO HORIZONTE
61.563.788/0001-39;VOLTS SEGURADORA S.A;3132240059;MG;BELO HORIZONTE
32.191.644/0001-09;SUDASEG SEGURADORA DE DANOS E PESSOAS S/A;4132236710;PR;CURITIBA
30.110.514/0001-60;ABSOLUTA SEGUROS S/A ( EM APROVACAO ) EM LIQUIDACAO;2122240660;RJ;RIO DE JANEIRO
76.621.853/0001-02;ASSEPPAR - ASSOCIACAO DOS EX-PARTICIPANTES DE PLANOS DE PREVIDENCIA DA RS PREVIDENCIA;2122232783;RJ;RIO DE JANEIRO
11.521.976/0001-26;AUSTRAL SEGURADORA S.A.;2131255500;RJ;RIO DE JANEIRO
33.072.307/0001-57;GENERALI BRASIL SEGUROS S A;2125081739;RJ;RIO DE JANEIRO
03.065.982/0001-98;GRB-GLOBAL RISK BRASIL CORRETORA DE RESSEGUROS LTDA;2125608242;RJ;RIO DE JANEIRO
04.072.694/0001-23;HORIZONTE NEGOCIOS IMOBILIARIOS S/A;2125071310;RJ;RIO DE JANEIRO
05.362.227/0001-09;INTER CORRETORA DE RESSEGUROS LTDA;2121030050;RJ;RIO DE JANEIRO
09.492.113/0001-26;PECUS CORRETORA DE RESSEGUROS LTDA;2125444030;RJ;RIO DE JANEIRO
11.699.377/0001-05;SAVE-RE BRASIL CORRETORA DE RESSEGUROS LTDA.;2121088808;RJ;RIO DE JANEIRO
01.685.053/0001-56;SUL AMERICA COMPANHIA DE SEGURO SAUDE;2125064323;RJ;RIO DE JANEIRO
87.883.807/0001-06;MBM SEGURADORA SA;5132162500;RS;PORTO ALEGRE
95.611.141/0001-57;UNIAO SEGURADORA S.A. - VIDA E PREVIDENCIA;5130243986;RS;PORTO ALEGRE
88.076.302/0001-94;VIA CAPITALIZACAO S/A;5133033851;RS;PORTO ALEGRE
42.518.229/0001-62;OXXY SEGURADORA S.A;4831972085;SC;FLORIANOPOLIS
39.999.619/0001-97;180 SEGUROS S.A.;1146731464;SP;SAO PAULO
01.378.407/0001-10;ALIANCA DO BRASIL SEGUROS S/A.;1151112700;SP;SAO PAULO
15.517.074/0001-77;ALLIANZ GLOBAL CORPORATE & SPECIALTY RESSEGUROS BRASIL S.A.;1131716000;SP;SAO PAULO
67.865.360/0001-27;ALLSEG SEGURADORA S/A;1130170022;SP;SAO PAULO
05.375.622/0001-18;ALPER RE CORRETORA DE RESSEGUROS LTDA;1131752900;SP;SAO PAULO
09.656.599/0001-90;ARX-RE CORRETORA DE RESSEGUROS LTDA.;1121420202;SP;SAO PAULO
19.323.190/0001-06;AXA SEGUROS S.A.;1135856400;SP;SAO PAULO
29.983.071/0001-33;BKS RE CORRETORA DE RESSEGUROS LTDA.;1133303330;SP;COTIA
33.010.851/0001-74;BRADESCO CAPITALIZACAO S/A;2125031111;SP;SAO PAULO
27.665.207/0001-31;BRASILPREV SEGUROS E PREVIDENCIA S/A;1121626616;SP;SAO PAULO
22.256.195/0001-78;BTG PACTUAL CORRETORA DE RESSEGUROS LTDA.;1133832000;SP;SAO PAULO
55.006.797/0001-26;BVIX SEGURADORA S.A.;21981522962;SP;SAO PAULO
03.502.099/0001-18;CHUBB SEGUROS BRASIL S.A.;1145044400;SP;SAO PAULO
07.644.868/0001-73;COFACE DO BRASIL SEGUROS DE CREDITO S.A.;1155098181;SP;SAO PAULO
27.871.284/0001-48;CONSTRUCOES IMOBILIARIAS INVESTIMENTOS E PARTICIPACOES LTDA.;1138163678;SP;SAO PAULO
31.534.848/0001-24;EZZE SEGUROS S.A.;1121105500;SP;SAO PAULO
55.428.714/0001-97;FAM SEGURADORA DE CREDITO E GARANTIA S A;1131990530;SP;SAO PAULO
56.730.037/0001-20;FM SEGUROS S.A.;1130773900;SP;SAO PAULO
10.260.613/0001-11;GALLAGHER BRASIL CORRETORA DE RESSEGUROS LTDA;1131477875;SP;SAO PAULO
09.674.690/0001-39;GALLAGHER RE LATIN AMERICA CORRETORA DE RESSEGUROS LTDA;1130773553;SP;SAO PAULO
58.138.452/0001-14;LIBERTY MUTUAL SURETY BRASIL SEGUROS S.A;1150267652;SP;SAO PAULO
75.170.191/0001-39;MASSA FALIDA DA COMPANHIA MUTUAL DE SEGUROS;1124956550;SP;SAO PAULO
96.722.707/0001-80;MAXLIFE SEGURADORA DO BRASIL S/A - EM LIQUIDACAO;1136451818;SP;SAO PAULO
39.380.513/0001-00;PIER SEGURADORA S.A.;1130313208;SP;SAO PAULO
16.551.758/0001-58;PORTO SEGURO CAPITALIZACAO S.A;1133664309;SP;SAO PAULO
69.412.997/0001-93;SANTOS SEGURADORA S/A - FALIDO;1125334673;SP;SAO PAULO
02.359.130/0001-40;VALOR CAPITALIZACAO S.A. - FALIDO;1138189088;SP;SAO PAULO
45.233.931/0001-78;VOCE SEGURADORA S.A.;1120814401;SP;SAO PAULO
